row,c0,c1,c2,c3,c4,c5,c6,c7,c8,c9,c10,c11,c12,c13,c14,c15,c16,c17,c18,c19,c20,c21,c22,c23,c24,c25,c26,c27,c28,c29,c30,c31,c32,c33,c34,c35,c36,c37,c38,c39,c40,c41,c42,c43,c44,c45,c46
0,domain,0,-0.00703,-0.00703,-0.0012,0.00703,0.00703,0.00175,0.000134091,0.00019,1e+37,0.000426494,1,0.000426494,1,0.000170498,1,0.000428494,1,0.000428494,1,0.00013955,1
1,quad,1,xy,-0.00703,-0.00703,0.000286576,0.00703,0.00703,0.000286576,1,0.000195278,0.00019,0.000125,3.6576e-05,0.000427494,1,2.73403,1
2,quad,2,xy,-0.00703,-0.00703,3.6576e-05,0.00703,0.00703,3.6576e-05,1,0.01406,0.01406,3.6576e-05,0.000125,0.000427494,1.36702,1,1
3,hexa,3,-0.00703,-0.00703,-5e-05,0.00703,0.00703,0,1,0.01406,0.01406,5e-05,0,0,0,0,0.000175,1.20701e-05,1,1,1,1,1,1.01515,0.000177244,1
4,hexa,4,-0.004979,0.004621,-0.0004,-0.004623,0.004977,0,1,0.000118667,8.9e-05,0.000133333,1.2253e-05,1.2253e-05,1.2253e-05,1.2253e-05,0.000132,1.20701e-05,1,1,1,1,1,1.01515,0.000142894,2.25
5,hexa,5,-0.006579,0.005421,-0.0004,-0.006223,0.005777,0,1,0.000178,0.000178,0.000133333,1.2253e-05,1.2253e-05,1.2253e-05,1.2253e-05,0.000132,1.20701e-05,1,1,1,1,1,1.01515,0.000178,2.25
6,hexa,6,-0.005779,0.004621,-0.0004,-0.005423,0.004977,0,1,0.000178,8.9e-05,0.000133333,1.2253e-05,1.2253e-05,1.2253e-05,1.2253e-05,0.000132,1.20701e-05,1,1,1,1,1,1.01515,0.000178,2.25
7,hexa,7,-0.004979,0.003821,-0.0004,-0.004623,0.004177,0,1,0.000118667,0.000178,0.000133333,1.2253e-05,1.2253e-05,1.2253e-05,1.2253e-05,0.000132,1.20701e-05,1,1,1,1,1,1.01515,0.000178,2.25
8,hexa,8,-0.006579,0.004621,-0.0004,-0.006223,0.004977,0,1,0.000178,8.9e-05,0.000133333,1.2253e-05,1.2253e-05,1.2253e-05,1.2253e-05,0.000132,1.20701e-05,1,1,1,1,1,1.01515,0.000178,2.25
9,hexa,9,-0.005779,0.003821,-0.0004,-0.005423,0.004177,0,1,0.000178,0.000178,0.000133333,1.2253e-05,1.2253e-05,1.2253e-05,1.2253e-05,0.000132,1.20701e-05,1,1,1,1,1,1.01515,0.000178,2.25
10,hexa,10,-0.003379,0.003021,-0.0004,-0.003023,0.003377,0,1,0.000118667,0.000178,0.000133333,1.2253e-05,1.2253e-05,1.2253e-05,1.2253e-05,0.000132,1.20701e-05,1,1,1,1,1,1.01515,0.000178,2.25
11,hexa,11,-0.004179,0.003821,-0.0004,-0.003823,0.004177,0,1,0.000178,0.000178,0.000133333,1.2253e-05,1.2253e-05,1.2253e-05,1.2253e-05,0.000132,1.20701e-05,1,1,1,1,1,1.01515,0.000178,2.25
12,hexa,12,-0.006579,0.003821,-0.0004,-0.006223,0.004177,0,1,0.000178,0.000178,0.000133333,1.2253e-05,1.2253e-05,1.2253e-05,1.2253e-05,0.000132,1.20701e-05,1,1,1,1,1,1.01515,0.000178,2.25
13,hexa,13,-0.004979,0.003021,-0.0004,-0.004623,0.003377,0,1,0.000118667,0.000178,0.000133333,1.2253e-05,1.2253e-05,1.2253e-05,1.2253e-05,0.000132,1.20701e-05,1,1,1,1,1,1.01515,0.000178,2.25
14,hexa,14,-0.005779,0.002221,-0.0004,-0.005423,0.002577,0,1,0.000178,0.000178,0.000133333,1.2253e-05,1.2253e-05,1.2253e-05,1.2253e-05,0.000132,1.20701e-05,1,1,1,1,1,1.01515,0.000178,2.25
15,hexa,15,-0.003379,0.002221,-0.0004,-0.003023,0.002577,0,1,0.000118667,0.000178,0.000133333,1.2253e-05,1.2253e-05,1.2253e-05,1.2253e-05,0.000132,1.20701e-05,1,1,1,1,1,1.01515,0.000178,2.25
16,hexa,16,-0.006579,0.002221,-0.0004,-0.006223,0.002577,0,1,0.000178,0.000178,0.000133333,1.2253e-05,1.2253e-05,1.2253e-05,1.2253e-05,0.000132,1.20701e-05,1,1,1,1,1,1.01515,0.000178,2.25
17,hexa,17,-0.004179,0.002221,-0.0004,-0.003823,0.002577,0,1,0.000178,0.000178,0.000133333,1.2253e-05,1.2253e-05,1.2253e-05,1.2253e-05,0.000132,1.20701e-05,1,1,1,1,1,1.01515,0.000178,2.25
18,hexa,18,-0.004979,0.001421,-0.0004,-0.004623,0.001777,0,1,0.000118667,0.000178,0.000133333,1.2253e-05,1.2253e-05,1.2253e-05,1.2253e-05,0.000132,1.20701e-05,1,1,1,1,1,1.01515,0.000178,2.25
19,hexa,19,-0.004179,0.001421,-0.0004,-0.003823,0.001777,0,1,0.000178,0.000178,0.000133333,1.2253e-05,1.2253e-05,1.2253e-05,1.2253e-05,0.000132,1.20701e-05,1,1,1,1,1,1.01515,0.000178,2.25
20,hexa,20,-0.006579,0.001421,-0.0004,-0.006223,0.001777,0,1,0.000178,0.000178,0.000133333,1.2253e-05,1.2253e-05,1.2253e-05,1.2253e-05,0.000132,1.20701e-05,1,1,1,1,1,1.01515,0.000178,2.25
21,hexa,21,-0.003379,0.001421,-0.0004,-0.003023,0.001777,0,1,0.000118667,0.000178,0.000133333,1.2253e-05,1.2253e-05,1.2253e-05,1.2253e-05,0.000132,1.20701e-05,1,1,1,1,1,1.01515,0.000178,2.25
22,hexa,22,-0.005779,0.001421,-0.0004,-0.005423,0.001777,0,1,0.000178,0.000178,0.000133333,1.2253e-05,1.2253e-05,1.2253e-05,1.2253e-05,0.000132,1.20701e-05,1,1,1,1,1,1.01515,0.000178,2.25
23,hexa,23,-0.002579,0.001421,-0.0004,-0.002223,0.001777,0,1,0.000178,0.000178,0.000133333,1.2253e-05,1.2253e-05,1.2253e-05,1.2253e-05,0.000132,1.20701e-05,1,1,1,1,1,1.01515,0.000178,2.25
24,hexa,24,-0.001779,0.001421,-0.0004,-0.001423,0.001777,0,1,0.000178,0.000178,0.000133333,1.2253e-05,1.2253e-05,1.2253e-05,1.2253e-05,0.000132,1.20701e-05,1,1,1,1,1,1.01515,0.000178,2.25
25,hexa,25,-0.006579,0.000621,-0.0004,-0.006223,0.000977,0,1,0.000178,0.000178,0.000133333,1.2253e-05,1.2253e-05,1.2253e-05,1.2253e-05,0.000132,1.20701e-05,1,1,1,1,1,1.01515,0.000178,2.25
26,hexa,26,-0.004179,0.000621,-0.0004,-0.003823,0.000977,0,1,0.000178,0.000178,0.000133333,1.2253e-05,1.2253e-05,1.2253e-05,1.2253e-05,0.000132,1.20701e-05,1,1,1,1,1,1.01515,0.000178,2.25
27,hexa,27,-0.005779,0.000621,-0.0004,-0.005423,0.000977,0,1,0.000178,0.000178,0.000133333,1.2253e-05,1.2253e-05,1.2253e-05,1.2253e-05,0.000132,1.20701e-05,1,1,1,1,1,1.01515,0.000178,2.25
28,hexa,28,-0.004979,-0.000179,-0.0004,-0.004623,0.000177,0,1,0.000118667,0.000178,0.000133333,1.2253e-05,1.2253e-05,1.2253e-05,1.2253e-05,0.000132,1.20701e-05,1,1,1,1,1,1.01515,0.000178,2.25
29,hexa,29,-0.003379,-0.000179,-0.0004,-0.003023,0.000177,0,1,0.000118667,0.000178,0.000133333,1.2253e-05,1.2253e-05,1.2253e-05,1.2253e-05,0.000132,1.20701e-05,1,1,1,1,1,1.01515,0.000178,2.25
30,hexa,30,-0.004179,-0.000179,-0.0004,-0.003823,0.000177,0,1,0.000178,0.000178,0.000133333,1.2253e-05,1.2253e-05,1.2253e-05,1.2253e-05,0.000132,1.20701e-05,1,1,1,1,1,1.01515,0.000178,2.25
31,hexa,31,-0.005779,-0.000179,-0.0004,-0.005423,0.000177,0,1,0.000178,0.000178,0.000133333,1.2253e-05,1.2253e-05,1.2253e-05,1.2253e-05,0.000132,1.20701e-05,1,1,1,1,1,1.01515,0.000178,2.25
32,hexa,32,-0.002579,-0.000179,-0.0004,-0.002223,0.000177,0,1,0.000178,0.000178,0.000133333,1.2253e-05,1.2253e-05,1.2253e-05,1.2253e-05,0.000132,1.20701e-05,1,1,1,1,1,1.01515,0.000178,2.25
33,hexa,33,-0.004979,-0.000979,-0.0004,-0.004623,-0.000623,0,1,0.000118667,0.000178,0.000133333,1.2253e-05,1.2253e-05,1.2253e-05,1.2253e-05,0.000132,1.20701e-05,1,1,1,1,1,1.01515,0.000178,2.25
34,hexa,34,-0.001779,-0.000179,-0.0004,-0.001423,0.000177,0,1,0.000178,0.000178,0.000133333,1.2253e-05,1.2253e-05,1.2253e-05,1.2253e-05,0.000132,1.20701e-05,1,1,1,1,1,1.01515,0.000178,2.25
35,hexa,35,-0.005779,-0.000979,-0.0004,-0.005423,-0.000623,0,1,0.000178,0.000178,0.000133333,1.2253e-05,1.2253e-05,1.2253e-05,1.2253e-05,0.000132,1.20701e-05,1,1,1,1,1,1.01515,0.000178,2.25
36,hexa,36,-0.004179,-0.000979,-0.0004,-0.003823,-0.000623,0,1,0.000178,0.000178,0.000133333,1.2253e-05,1.2253e-05,1.2253e-05,1.2253e-05,0.000132,1.20701e-05,1,1,1,1,1,1.01515,0.000178,2.25
37,hexa,37,-0.006579,-0.000979,-0.0004,-0.006223,-0.000623,0,1,0.000178,0.000178,0.000133333,1.2253e-05,1.2253e-05,1.2253e-05,1.2253e-05,0.000132,1.20701e-05,1,1,1,1,1,1.01515,0.000178,2.25
38,hexa,38,-0.003379,-0.000979,-0.0004,-0.003023,-0.000623,0,1,0.000118667,0.000178,0.000133333,1.2253e-05,1.2253e-05,1.2253e-05,1.2253e-05,0.000132,1.20701e-05,1,1,1,1,1,1.01515,0.000178,2.25
39,hexa,39,-0.002579,-0.000979,-0.0004,-0.002223,-0.000623,0,1,0.000178,0.000178,0.000133333,1.2253e-05,1.2253e-05,1.2253e-05,1.2253e-05,0.000132,1.20701e-05,1,1,1,1,1,1.01515,0.000178,2.25
40,hexa,40,-0.002579,-0.001779,-0.0004,-0.002223,-0.001423,0,1,0.000178,0.000178,0.000133333,1.2253e-05,1.2253e-05,1.2253e-05,1.2253e-05,0.000132,1.20701e-05,1,1,1,1,1,1.01515,0.000178,2.25
41,hexa,41,-0.004979,-0.001779,-0.0004,-0.004623,-0.001423,0,1,0.000118667,0.000178,0.000133333,1.2253e-05,1.2253e-05,1.2253e-05,1.2253e-05,0.000132,1.20701e-05,1,1,1,1,1,1.01515,0.000178,2.25
42,hexa,42,-0.003379,-0.001779,-0.0004,-0.003023,-0.001423,0,1,0.000118667,0.000178,0.000133333,1.2253e-05,1.2253e-05,1.2253e-05,1.2253e-05,0.000132,1.20701e-05,1,1,1,1,1,1.01515,0.000178,2.25
43,hexa,43,-0.006579,-0.002579,-0.0004,-0.006223,-0.002223,0,1,0.000178,0.000178,0.000133333,1.2253e-05,1.2253e-05,1.2253e-05,1.2253e-05,0.000132,1.20701e-05,1,1,1,1,1,1.01515,0.000178,2.25
44,hexa,44,-0.004179,-0.002579,-0.0004,-0.003823,-0.002223,0,1,0.000178,0.000178,0.000133333,1.2253e-05,1.2253e-05,1.2253e-05,1.2253e-05,0.000132,1.20701e-05,1,1,1,1,1,1.01515,0.000178,2.25
45,hexa,45,-0.005779,-0.002579,-0.0004,-0.005423,-0.002223,0,1,0.000178,0.000178,0.000133333,1.2253e-05,1.2253e-05,1.2253e-05,1.2253e-05,0.000132,1.20701e-05,1,1,1,1,1,1.01515,0.000178,2.25
46,hexa,46,-0.006579,-0.003379,-0.0004,-0.006223,-0.003023,0,1,0.000178,0.000178,0.000133333,1.2253e-05,1.2253e-05,1.2253e-05,1.2253e-05,0.000132,1.20701e-05,1,1,1,1,1,1.01515,0.000178,2.25
47,hexa,47,-0.004979,-0.003379,-0.0004,-0.004623,-0.003023,0,1,0.000118667,0.000178,0.000133333,1.2253e-05,1.2253e-05,1.2253e-05,1.2253e-05,0.000132,1.20701e-05,1,1,1,1,1,1.01515,0.000178,2.25
48,hexa,48,-0.005779,-0.003379,-0.0004,-0.005423,-0.003023,0,1,0.000178,0.000178,0.000133333,1.2253e-05,1.2253e-05,1.2253e-05,1.2253e-05,0.000132,1.20701e-05,1,1,1,1,1,1.01515,0.000178,2.25
49,hexa,49,-0.004179,-0.003379,-0.0004,-0.003823,-0.003023,0,1,0.000178,0.000178,0.000133333,1.2253e-05,1.2253e-05,1.2253e-05,1.2253e-05,0.000132,1.20701e-05,1,1,1,1,1,1.01515,0.000178,2.25
50,hexa,50,-0.006579,-0.004179,-0.0004,-0.006223,-0.003823,0,1,0.000178,0.000178,0.000133333,1.2253e-05,1.2253e-05,1.2253e-05,1.2253e-05,0.000132,1.20701e-05,1,1,1,1,1,1.01515,0.000178,2.25
51,hexa,51,-0.004979,-0.004179,-0.0004,-0.004623,-0.003823,0,1,0.000118667,0.000178,0.000133333,1.2253e-05,1.2253e-05,1.2253e-05,1.2253e-05,0.000132,1.20701e-05,1,1,1,1,1,1.01515,0.000178,2.25
52,hexa,52,-0.005779,-0.004179,-0.0004,-0.005423,-0.003823,0,1,0.000178,0.000178,0.000133333,1.2253e-05,1.2253e-05,1.2253e-05,1.2253e-05,0.000132,1.20701e-05,1,1,1,1,1,1.01515,0.000178,2.25
53,hexa,53,-0.006579,-0.004979,-0.0004,-0.006223,-0.004623,0,1,0.000178,8.9e-05,0.000133333,1.2253e-05,1.2253e-05,1.2253e-05,1.2253e-05,0.000132,1.20701e-05,1,1,1,1,1,1.01515,0.000178,2.25
54,hexa,54,-0.003379,-0.002579,-0.0004,-0.003023,-0.002223,0,1,0.000118667,0.000178,0.000133333,1.2253e-05,1.2253e-05,1.2253e-05,1.2253e-05,0.000132,1.20701e-05,1,1,1,1,1,1.01515,0.000178,2.25
55,hexa,55,-0.006579,-0.005779,-0.0004,-0.006223,-0.005423,0,1,0.000178,0.000178,0.000133333,1.2253e-05,1.2253e-05,1.2253e-05,1.2253e-05,0.000132,1.20701e-05,1,1,1,1,1,1.01515,0.000178,2.25
56,hexa,56,-0.005779,-0.005779,-0.0004,-0.005423,-0.005423,0,1,0.000178,0.000178,0.000133333,1.2253e-05,1.2253e-05,1.2253e-05,1.2253e-05,0.000132,1.20701e-05,1,1,1,1,1,1.01515,0.000178,2.25
57,hexa,57,-0.004979,-0.004979,-0.0004,-0.004623,-0.004623,0,1,0.000118667,8.9e-05,0.000133333,1.2253e-05,1.2253e-05,1.2253e-05,1.2253e-05,0.000132,1.20701e-05,1,1,1,1,1,1.01515,0.000142894,2.25
58,hexa,58,-0.004179,-0.004979,-0.0004,-0.003823,-0.004623,0,1,0.000178,8.9e-05,0.000133333,1.2253e-05,1.2253e-05,1.2253e-05,1.2253e-05,0.000132,1.20701e-05,1,1,1,1,1,1.01515,0.000178,2.25
59,hexa,59,-0.005779,-0.006579,-0.0004,-0.005423,-0.006223,0,1,0.000178,0.000178,0.000133333,1.2253e-05,1.2253e-05,1.2253e-05,1.2253e-05,0.000132,1.20701e-05,1,1,1,1,1,1.01515,0.000178,2.25
60,hexa,60,-0.004979,-0.005779,-0.0004,-0.004623,-0.005423,0,1,0.000118667,0.000178,0.000133333,1.2253e-05,1.2253e-05,1.2253e-05,1.2253e-05,0.000132,1.20701e-05,1,1,1,1,1,1.01515,0.000178,2.25
61,hexa,61,-0.004979,-0.006579,-0.0004,-0.004623,-0.006223,0,1,0.000118667,0.000178,0.000133333,1.2253e-05,1.2253e-05,1.2253e-05,1.2253e-05,0.000132,1.20701e-05,1,1,1,1,1,1.01515,0.000178,2.25
62,hexa,62,-0.004179,-0.005779,-0.0004,-0.003823,-0.005423,0,1,0.000178,0.000178,0.000133333,1.2253e-05,1.2253e-05,1.2253e-05,1.2253e-05,0.000132,1.20701e-05,1,1,1,1,1,1.01515,0.000178,2.25
63,hexa,63,-0.004179,-0.004179,-0.0004,-0.003823,-0.003823,0,1,0.000178,0.000178,0.000133333,1.2253e-05,1.2253e-05,1.2253e-05,1.2253e-05,0.000132,1.20701e-05,1,1,1,1,1,1.01515,0.000178,2.25
64,hexa,64,-0.002579,-0.002579,-0.0004,-0.002223,-0.002223,0,1,0.000178,0.000178,0.000133333,1.2253e-05,1.2253e-05,1.2253e-05,1.2253e-05,0.000132,1.20701e-05,1,1,1,1,1,1.01515,0.000178,2.25
65,hexa,65,-0.003379,-0.004979,-0.0004,-0.003023,-0.004623,0,1,0.000118667,8.9e-05,0.000133333,1.2253e-05,1.2253e-05,1.2253e-05,1.2253e-05,0.000132,1.20701e-05,1,1,1,1,1,1.01515,0.0001125,2.25
66,hexa,66,-0.003379,-0.005779,-0.0004,-0.003023,-0.005423,0,1,0.000118667,0.000178,0.000133333,1.2253e-05,1.2253e-05,1.2253e-05,1.2253e-05,0.000132,1.20701e-05,1,1,1,1,1,1.01515,0.000178,2.25
67,hexa,67,-0.003379,-0.004179,-0.0004,-0.003023,-0.003823,0,1,0.000118667,0.000178,0.000133333,1.2253e-05,1.2253e-05,1.2253e-05,1.2253e-05,0.000132,1.20701e-05,1,1,1,1,1,1.01515,0.000178,2.25
68,hexa,68,-0.002579,-0.003379,-0.0004,-0.002223,-0.003023,0,1,0.000178,0.000178,0.000133333,1.2253e-05,1.2253e-05,1.2253e-05,1.2253e-05,0.000132,1.20701e-05,1,1,1,1,1,1.01515,0.000178,2.25
69,hexa,69,-0.003379,-0.006579,-0.0004,-0.003023,-0.006223,0,1,0.000118667,0.000178,0.000133333,1.2253e-05,1.2253e-05,1.2253e-05,1.2253e-05,0.000132,1.20701e-05,1,1,1,1,1,1.01515,0.000178,2.25
70,hexa,70,-0.002579,-0.004179,-0.0004,-0.002223,-0.003823,0,1,0.000178,0.000178,0.000133333,1.2253e-05,1.2253e-05,1.2253e-05,1.2253e-05,0.000132,1.20701e-05,1,1,1,1,1,1.01515,0.000178,2.25
71,hexa,71,-0.002579,-0.004979,-0.0004,-0.002223,-0.004623,0,1,0.000178,8.9e-05,0.000133333,1.2253e-05,1.2253e-05,1.2253e-05,1.2253e-05,0.000132,1.20701e-05,1,1,1,1,1,1.01515,0.000178,2.25
72,hexa,72,-0.001779,-0.003379,-0.0004,-0.001423,-0.003023,0,1,0.000178,0.000178,0.000133333,1.2253e-05,1.2253e-05,1.2253e-05,1.2253e-05,0.000132,1.20701e-05,1,1,1,1,1,1.01515,0.000178,2.25
73,hexa,73,-0.001779,-0.004179,-0.0004,-0.001423,-0.003823,0,1,0.000178,0.000178,0.000133333,1.2253e-05,1.2253e-05,1.2253e-05,1.2253e-05,0.000132,1.20701e-05,1,1,1,1,1,1.01515,0.000178,2.25
74,hexa,74,-0.001779,-0.004979,-0.0004,-0.001423,-0.004623,0,1,0.000178,8.9e-05,0.000133333,1.2253e-05,1.2253e-05,1.2253e-05,1.2253e-05,0.000132,1.20701e-05,1,1,1,1,1,1.01515,0.000178,2.25
75,hexa,75,-0.001779,-0.005779,-0.0004,-0.001423,-0.005423,0,1,0.000178,0.000178,0.000133333,1.2253e-05,1.2253e-05,1.2253e-05,1.2253e-05,0.000132,1.20701e-05,1,1,1,1,1,1.01515,0.000178,2.25
76,hexa,76,-0.001779,-0.006579,-0.0004,-0.001423,-0.006223,0,1,0.000178,0.000178,0.000133333,1.2253e-05,1.2253e-05,1.2253e-05,1.2253e-05,0.000132,1.20701e-05,1,1,1,1,1,1.01515,0.000178,2.25
77,hexa,77,-0.001779,-0.002579,-0.0004,-0.001423,-0.002223,0,1,0.000178,0.000178,0.000133333,1.2253e-05,1.2253e-05,1.2253e-05,1.2253e-05,0.000132,1.20701e-05,1,1,1,1,1,1.01515,0.000178,2.25
78,hexa,78,-0.000979,-0.004179,-0.0004,-0.000623,-0.003823,0,1,0.000178,0.000178,0.000133333,1.2253e-05,1.2253e-05,1.2253e-05,1.2253e-05,0.000132,1.20701e-05,1,1,1,1,1,1.01515,0.000178,2.25
79,hexa,79,-0.001779,-0.001779,-0.0004,-0.001423,-0.001423,0,1,0.000178,0.000178,0.000133333,1.2253e-05,1.2253e-05,1.2253e-05,1.2253e-05,0.000132,1.20701e-05,1,1,1,1,1,1.01515,0.000178,2.25
80,hexa,80,-0.000979,-0.003379,-0.0004,-0.000623,-0.003023,0,1,0.000178,0.000178,0.000133333,1.2253e-05,1.2253e-05,1.2253e-05,1.2253e-05,0.000132,1.20701e-05,1,1,1,1,1,1.01515,0.000178,2.25
81,hexa,81,-0.000979,-0.002579,-0.0004,-0.000623,-0.002223,0,1,0.000178,0.000178,0.000133333,1.2253e-05,1.2253e-05,1.2253e-05,1.2253e-05,0.000132,1.20701e-05,1,1,1,1,1,1.01515,0.000178,2.25
82,hexa,82,-0.000979,-0.004979,-0.0004,-0.000623,-0.004623,0,1,0.000178,8.9e-05,0.000133333,1.2253e-05,1.2253e-05,1.2253e-05,1.2253e-05,0.000132,1.20701e-05,1,1,1,1,1,1.01515,0.000178,2.25
83,hexa,83,-0.000979,-0.006579,-0.0004,-0.000623,-0.006223,0,1,0.000178,0.000178,0.000133333,1.2253e-05,1.2253e-05,1.2253e-05,1.2253e-05,0.000132,1.20701e-05,1,1,1,1,1,1.01515,0.000178,2.25
84,hexa,84,-0.000979,-0.005779,-0.0004,-0.000623,-0.005423,0,1,0.000178,0.000178,0.000133333,1.2253e-05,1.2253e-05,1.2253e-05,1.2253e-05,0.000132,1.20701e-05,1,1,1,1,1,1.01515,0.000178,2.25
85,hexa,85,-0.000179,-0.001779,-0.0004,0.000177,-0.001423,0,1,0.000178,0.000178,0.000133333,1.2253e-05,1.2253e-05,1.2253e-05,1.2253e-05,0.000132,1.20701e-05,1,1,1,1,1,1.01515,0.000178,2.25
86,hexa,86,-0.000179,-0.005779,-0.0004,0.000177,-0.005423,0,1,0.000178,0.000178,0.000133333,1.2253e-05,1.2253e-05,1.2253e-05,1.2253e-05,0.000132,1.20701e-05,1,1,1,1,1,1.01515,0.000178,2.25
87,hexa,87,-0.000179,-0.002579,-0.0004,0.000177,-0.002223,0,1,0.000178,0.000178,0.000133333,1.2253e-05,1.2253e-05,1.2253e-05,1.2253e-05,0.000132,1.20701e-05,1,1,1,1,1,1.01515,0.000178,2.25
88,hexa,88,0.000621,-0.003379,-0.0004,0.000977,-0.003023,0,1,0.000178,0.000178,0.000133333,1.2253e-05,1.2253e-05,1.2253e-05,1.2253e-05,0.000132,1.20701e-05,1,1,1,1,1,1.01515,0.000178,2.25
89,hexa,89,0.000621,-0.004979,-0.0004,0.000977,-0.004623,0,1,0.000178,8.9e-05,0.000133333,1.2253e-05,1.2253e-05,1.2253e-05,1.2253e-05,0.000132,1.20701e-05,1,1,1,1,1,1.01515,0.000178,2.25
90,hexa,90,0.000621,-0.006579,-0.0004,0.000977,-0.006223,0,1,0.000178,0.000178,0.000133333,1.2253e-05,1.2253e-05,1.2253e-05,1.2253e-05,0.000132,1.20701e-05,1,1,1,1,1,1.01515,0.000178,2.25
91,hexa,91,0.000621,-0.005779,-0.0004,0.000977,-0.005423,0,1,0.000178,0.000178,0.000133333,1.2253e-05,1.2253e-05,1.2253e-05,1.2253e-05,0.000132,1.20701e-05,1,1,1,1,1,1.01515,0.000178,2.25
92,hexa,92,0.000621,-0.004179,-0.0004,0.000977,-0.003823,0,1,0.000178,0.000178,0.000133333,1.2253e-05,1.2253e-05,1.2253e-05,1.2253e-05,0.000132,1.20701e-05,1,1,1,1,1,1.01515,0.000178,2.25
93,hexa,93,0.001421,-0.004979,-0.0004,0.001777,-0.004623,0,1,0.000178,8.9e-05,0.000133333,1.2253e-05,1.2253e-05,1.2253e-05,1.2253e-05,0.000132,1.20701e-05,1,1,1,1,1,1.01515,0.000178,2.25
94,hexa,94,0.001421,-0.005779,-0.0004,0.001777,-0.005423,0,1,0.000178,0.000178,0.000133333,1.2253e-05,1.2253e-05,1.2253e-05,1.2253e-05,0.000132,1.20701e-05,1,1,1,1,1,1.01515,0.000178,2.25
95,hexa,95,0.001421,-0.002579,-0.0004,0.001777,-0.002223,0,1,0.000178,0.000178,0.000133333,1.2253e-05,1.2253e-05,1.2253e-05,1.2253e-05,0.000132,1.20701e-05,1,1,1,1,1,1.01515,0.000178,2.25
96,hexa,96,0.000621,-0.002579,-0.0004,0.000977,-0.002223,0,1,0.000178,0.000178,0.000133333,1.2253e-05,1.2253e-05,1.2253e-05,1.2253e-05,0.000132,1.20701e-05,1,1,1,1,1,1.01515,0.000178,2.25
97,hexa,97,0.002221,-0.004979,-0.0004,0.002577,-0.004623,0,1,0.000178,8.9e-05,0.000133333,1.2253e-05,1.2253e-05,1.2253e-05,1.2253e-05,0.000132,1.20701e-05,1,1,1,1,1,1.01515,0.000178,2.25
98,hexa,98,0.001421,-0.003379,-0.0004,0.001777,-0.003023,0,1,0.000178,0.000178,0.000133333,1.2253e-05,1.2253e-05,1.2253e-05,1.2253e-05,0.000132,1.20701e-05,1,1,1,1,1,1.01515,0.000178,2.25
99,hexa,99,0.002221,-0.006579,-0.0004,0.002577,-0.006223,0,1,0.000178,0.000178,0.000133333,1.2253e-05,1.2253e-05,1.2253e-05,1.2253e-05,0.000132,1.20701e-05,1,1,1,1,1,1.01515,0.000178,2.25
100,hexa,100,0.003021,-0.004179,-0.0004,0.003377,-0.003823,0,1,0.000118667,0.000178,0.000133333,1.2253e-05,1.2253e-05,1.2253e-05,1.2253e-05,0.000132,1.20701e-05,1,1,1,1,1,1.01515,0.000178,2.25
101,hexa,101,0.002221,-0.005779,-0.0004,0.002577,-0.005423,0,1,0.000178,0.000178,0.000133333,1.2253e-05,1.2253e-05,1.2253e-05,1.2253e-05,0.000132,1.20701e-05,1,1,1,1,1,1.01515,0.000178,2.25
102,hexa,102,0.003021,-0.006579,-0.0004,0.003377,-0.006223,0,1,0.000118667,0.000178,0.000133333,1.2253e-05,1.2253e-05,1.2253e-05,1.2253e-05,0.000132,1.20701e-05,1,1,1,1,1,1.01515,0.000178,2.25
103,hexa,103,0.003021,-0.004979,-0.0004,0.003377,-0.004623,0,1,0.000118667,8.9e-05,0.000133333,1.2253e-05,1.2253e-05,1.2253e-05,1.2253e-05,0.000132,1.20701e-05,1,1,1,1,1,1.01515,0.0001125,2.25
104,hexa,104,0.003021,-0.005779,-0.0004,0.003377,-0.005423,0,1,0.000118667,0.000178,0.000133333,1.2253e-05,1.2253e-05,1.2253e-05,1.2253e-05,0.000132,1.20701e-05,1,1,1,1,1,1.01515,0.000178,2.25
105,hexa,105,0.003821,-0.006579,-0.0004,0.004177,-0.006223,0,1,0.000178,0.000178,0.000133333,1.2253e-05,1.2253e-05,1.2253e-05,1.2253e-05,0.000132,1.20701e-05,1,1,1,1,1,1.01515,0.000178,2.25
106,hexa,106,0.004621,-0.006579,-0.0004,0.004977,-0.006223,0,1,0.000118667,0.000178,0.000133333,1.2253e-05,1.2253e-05,1.2253e-05,1.2253e-05,0.000132,1.20701e-05,1,1,1,1,1,1.01515,0.000178,2.25
107,hexa,107,0.003821,-0.004979,-0.0004,0.004177,-0.004623,0,1,0.000178,8.9e-05,0.000133333,1.2253e-05,1.2253e-05,1.2253e-05,1.2253e-05,0.000132,1.20701e-05,1,1,1,1,1,1.01515,0.000178,2.25
108,hexa,108,0.002221,-0.003379,-0.0004,0.002577,-0.003023,0,1,0.000178,0.000178,0.000133333,1.2253e-05,1.2253e-05,1.2253e-05,1.2253e-05,0.000132,1.20701e-05,1,1,1,1,1,1.01515,0.000178,2.25
109,hexa,109,0.005421,-0.006579,-0.0004,0.005777,-0.006223,0,1,0.000178,0.000178,0.000133333,1.2253e-05,1.2253e-05,1.2253e-05,1.2253e-05,0.000132,1.20701e-05,1,1,1,1,1,1.01515,0.000178,2.25
110,hexa,110,0.004621,-0.005779,-0.0004,0.004977,-0.005423,0,1,0.000118667,0.000178,0.000133333,1.2253e-05,1.2253e-05,1.2253e-05,1.2253e-05,0.000132,1.20701e-05,1,1,1,1,1,1.01515,0.000178,2.25
111,hexa,111,0.004621,-0.004979,-0.0004,0.004977,-0.004623,0,1,0.000118667,8.9e-05,0.000133333,1.2253e-05,1.2253e-05,1.2253e-05,1.2253e-05,0.000132,1.20701e-05,1,1,1,1,1,1.01515,0.000142455,2.25
112,hexa,112,0.006221,-0.005779,-0.0004,0.006577,-0.005423,0,1,0.000178,0.000178,0.000133333,1.2253e-05,1.2253e-05,1.2253e-05,1.2253e-05,0.000132,1.20701e-05,1,1,1,1,1,1.01515,0.000178,2.25
113,hexa,113,0.005421,-0.004979,-0.0004,0.005777,-0.004623,0,1,0.000178,8.9e-05,0.000133333,1.2253e-05,1.2253e-05,1.2253e-05,1.2253e-05,0.000132,1.20701e-05,1,1,1,1,1,1.01515,0.000178,2.25
114,hexa,114,0.003021,-0.003379,-0.0004,0.003377,-0.003023,0,1,0.000118667,0.000178,0.000133333,1.2253e-05,1.2253e-05,1.2253e-05,1.2253e-05,0.000132,1.20701e-05,1,1,1,1,1,1.01515,0.000178,2.25
115,hexa,115,0.002221,-0.002579,-0.0004,0.002577,-0.002223,0,1,0.000178,0.000178,0.000133333,1.2253e-05,1.2253e-05,1.2253e-05,1.2253e-05,0.000132,1.20701e-05,1,1,1,1,1,1.01515,0.000178,2.25
116,hexa,116,0.006221,-0.004179,-0.0004,0.006577,-0.003823,0,1,0.000178,0.000178,0.000133333,1.2253e-05,1.2253e-05,1.2253e-05,1.2253e-05,0.000132,1.20701e-05,1,1,1,1,1,1.01515,0.000178,2.25
117,hexa,117,0.004621,-0.003379,-0.0004,0.004977,-0.003023,0,1,0.000118667,0.000178,0.000133333,1.2253e-05,1.2253e-05,1.2253e-05,1.2253e-05,0.000132,1.20701e-05,1,1,1,1,1,1.01515,0.000178,2.25
118,hexa,118,0.001421,-0.001779,-0.0004,0.001777,-0.001423,0,1,0.000178,0.000178,0.000133333,1.2253e-05,1.2253e-05,1.2253e-05,1.2253e-05,0.000132,1.20701e-05,1,1,1,1,1,1.01515,0.000178,2.25
119,hexa,119,0.005421,-0.003379,-0.0004,0.005777,-0.003023,0,1,0.000178,0.000178,0.000133333,1.2253e-05,1.2253e-05,1.2253e-05,1.2253e-05,0.000132,1.20701e-05,1,1,1,1,1,1.01515,0.000178,2.25
120,hexa,120,0.003821,-0.003379,-0.0004,0.004177,-0.003023,0,1,0.000178,0.000178,0.000133333,1.2253e-05,1.2253e-05,1.2253e-05,1.2253e-05,0.000132,1.20701e-05,1,1,1,1,1,1.01515,0.000178,2.25
121,hexa,121,0.003021,-0.001779,-0.0004,0.003377,-0.001423,0,1,0.000118667,0.000178,0.000133333,1.2253e-05,1.2253e-05,1.2253e-05,1.2253e-05,0.000132,1.20701e-05,1,1,1,1,1,1.01515,0.000178,2.25
122,hexa,122,0.006221,-0.003379,-0.0004,0.006577,-0.003023,0,1,0.000178,0.000178,0.000133333,1.2253e-05,1.2253e-05,1.2253e-05,1.2253e-05,0.000132,1.20701e-05,1,1,1,1,1,1.01515,0.000178,2.25
123,hexa,123,0.005421,-0.002579,-0.0004,0.005777,-0.002223,0,1,0.000178,0.000178,0.000133333,1.2253e-05,1.2253e-05,1.2253e-05,1.2253e-05,0.000132,1.20701e-05,1,1,1,1,1,1.01515,0.000178,2.25
124,hexa,124,0.006221,-0.002579,-0.0004,0.006577,-0.002223,0,1,0.000178,0.000178,0.000133333,1.2253e-05,1.2253e-05,1.2253e-05,1.2253e-05,0.000132,1.20701e-05,1,1,1,1,1,1.01515,0.000178,2.25
125,hexa,125,0.004621,-0.002579,-0.0004,0.004977,-0.002223,0,1,0.000118667,0.000178,0.000133333,1.2253e-05,1.2253e-05,1.2253e-05,1.2253e-05,0.000132,1.20701e-05,1,1,1,1,1,1.01515,0.000178,2.25
126,hexa,126,0.003821,-0.002579,-0.0004,0.004177,-0.002223,0,1,0.000178,0.000178,0.000133333,1.2253e-05,1.2253e-05,1.2253e-05,1.2253e-05,0.000132,1.20701e-05,1,1,1,1,1,1.01515,0.000178,2.25
127,hexa,127,0.004621,-0.001779,-0.0004,0.004977,-0.001423,0,1,0.000118667,0.000178,0.000133333,1.2253e-05,1.2253e-05,1.2253e-05,1.2253e-05,0.000132,1.20701e-05,1,1,1,1,1,1.01515,0.000178,2.25
128,hexa,128,0.006221,-0.001779,-0.0004,0.006577,-0.001423,0,1,0.000178,0.000178,0.000133333,1.2253e-05,1.2253e-05,1.2253e-05,1.2253e-05,0.000132,1.20701e-05,1,1,1,1,1,1.01515,0.000178,2.25
129,hexa,129,0.005421,-0.001779,-0.0004,0.005777,-0.001423,0,1,0.000178,0.000178,0.000133333,1.2253e-05,1.2253e-05,1.2253e-05,1.2253e-05,0.000132,1.20701e-05,1,1,1,1,1,1.01515,0.000178,2.25
130,hexa,130,0.003821,-0.001779,-0.0004,0.004177,-0.001423,0,1,0.000178,0.000178,0.000133333,1.2253e-05,1.2253e-05,1.2253e-05,1.2253e-05,0.000132,1.20701e-05,1,1,1,1,1,1.01515,0.000178,2.25
131,hexa,131,0.002221,-0.001779,-0.0004,0.002577,-0.001423,0,1,0.000178,0.000178,0.000133333,1.2253e-05,1.2253e-05,1.2253e-05,1.2253e-05,0.000132,1.20701e-05,1,1,1,1,1,1.01515,0.000178,2.25
132,hexa,132,0.004621,-0.000979,-0.0004,0.004977,-0.000623,0,1,0.000118667,0.000178,0.000133333,1.2253e-05,1.2253e-05,1.2253e-05,1.2253e-05,0.000132,1.20701e-05,1,1,1,1,1,1.01515,0.000178,2.25
133,hexa,133,0.006221,-0.000979,-0.0004,0.006577,-0.000623,0,1,0.000178,0.000178,0.000133333,1.2253e-05,1.2253e-05,1.2253e-05,1.2253e-05,0.000132,1.20701e-05,1,1,1,1,1,1.01515,0.000178,2.25
134,hexa,134,0.005421,-0.000979,-0.0004,0.005777,-0.000623,0,1,0.000178,0.000178,0.000133333,1.2253e-05,1.2253e-05,1.2253e-05,1.2253e-05,0.000132,1.20701e-05,1,1,1,1,1,1.01515,0.000178,2.25
135,hexa,135,0.003821,-0.000979,-0.0004,0.004177,-0.000623,0,1,0.000178,0.000178,0.000133333,1.2253e-05,1.2253e-05,1.2253e-05,1.2253e-05,0.000132,1.20701e-05,1,1,1,1,1,1.01515,0.000178,2.25
136,hexa,136,0.003021,-0.000979,-0.0004,0.003377,-0.000623,0,1,0.000118667,0.000178,0.000133333,1.2253e-05,1.2253e-05,1.2253e-05,1.2253e-05,0.000132,1.20701e-05,1,1,1,1,1,1.01515,0.000178,2.25
137,hexa,137,0.002221,-0.000979,-0.0004,0.002577,-0.000623,0,1,0.000178,0.000178,0.000133333,1.2253e-05,1.2253e-05,1.2253e-05,1.2253e-05,0.000132,1.20701e-05,1,1,1,1,1,1.01515,0.000178,2.25
138,hexa,138,0.006221,-0.000179,-0.0004,0.006577,0.000177,0,1,0.000178,0.000178,0.000133333,1.2253e-05,1.2253e-05,1.2253e-05,1.2253e-05,0.000132,1.20701e-05,1,1,1,1,1,1.01515,0.000178,2.25
139,hexa,139,0.005421,-0.000179,-0.0004,0.005777,0.000177,0,1,0.000178,0.000178,0.000133333,1.2253e-05,1.2253e-05,1.2253e-05,1.2253e-05,0.000132,1.20701e-05,1,1,1,1,1,1.01515,0.000178,2.25
140,hexa,140,0.004621,-0.000179,-0.0004,0.004977,0.000177,0,1,0.000118667,0.000178,0.000133333,1.2253e-05,1.2253e-05,1.2253e-05,1.2253e-05,0.000132,1.20701e-05,1,1,1,1,1,1.01515,0.000178,2.25
141,hexa,141,0.003821,-0.000179,-0.0004,0.004177,0.000177,0,1,0.000178,0.000178,0.000133333,1.2253e-05,1.2253e-05,1.2253e-05,1.2253e-05,0.000132,1.20701e-05,1,1,1,1,1,1.01515,0.000178,2.25
142,hexa,142,0.003021,-0.000179,-0.0004,0.003377,0.000177,0,1,0.000118667,0.000178,0.000133333,1.2253e-05,1.2253e-05,1.2253e-05,1.2253e-05,0.000132,1.20701e-05,1,1,1,1,1,1.01515,0.000178,2.25
143,hexa,143,0.003821,0.000621,-0.0004,0.004177,0.000977,0,1,0.000178,0.000178,0.000133333,1.2253e-05,1.2253e-05,1.2253e-05,1.2253e-05,0.000132,1.20701e-05,1,1,1,1,1,1.01515,0.000178,2.25
144,hexa,144,0.002221,-0.000179,-0.0004,0.002577,0.000177,0,1,0.000178,0.000178,0.000133333,1.2253e-05,1.2253e-05,1.2253e-05,1.2253e-05,0.000132,1.20701e-05,1,1,1,1,1,1.01515,0.000178,2.25
145,hexa,145,0.001421,-0.000179,-0.0004,0.001777,0.000177,0,1,0.000178,0.000178,0.000133333,1.2253e-05,1.2253e-05,1.2253e-05,1.2253e-05,0.000132,1.20701e-05,1,1,1,1,1,1.01515,0.000178,2.25
146,hexa,146,0.006221,0.000621,-0.0004,0.006577,0.000977,0,1,0.000178,0.000178,0.000133333,1.2253e-05,1.2253e-05,1.2253e-05,1.2253e-05,0.000132,1.20701e-05,1,1,1,1,1,1.01515,0.000178,2.25
147,hexa,147,0.005421,0.000621,-0.0004,0.005777,0.000977,0,1,0.000178,0.000178,0.000133333,1.2253e-05,1.2253e-05,1.2253e-05,1.2253e-05,0.000132,1.20701e-05,1,1,1,1,1,1.01515,0.000178,2.25
148,hexa,148,0.004621,0.000621,-0.0004,0.004977,0.000977,0,1,0.000118667,0.000178,0.000133333,1.2253e-05,1.2253e-05,1.2253e-05,1.2253e-05,0.000132,1.20701e-05,1,1,1,1,1,1.01515,0.000178,2.25
149,hexa,149,0.003021,0.000621,-0.0004,0.003377,0.000977,0,1,0.000118667,0.000178,0.000133333,1.2253e-05,1.2253e-05,1.2253e-05,1.2253e-05,0.000132,1.20701e-05,1,1,1,1,1,1.01515,0.000178,2.25
150,hexa,150,0.005421,0.001421,-0.0004,0.005777,0.001777,0,1,0.000178,0.000178,0.000133333,1.2253e-05,1.2253e-05,1.2253e-05,1.2253e-05,0.000132,1.20701e-05,1,1,1,1,1,1.01515,0.000178,2.25
151,hexa,151,0.006221,0.001421,-0.0004,0.006577,0.001777,0,1,0.000178,0.000178,0.000133333,1.2253e-05,1.2253e-05,1.2253e-05,1.2253e-05,0.000132,1.20701e-05,1,1,1,1,1,1.01515,0.000178,2.25
152,hexa,152,0.004621,0.001421,-0.0004,0.004977,0.001777,0,1,0.000118667,0.000178,0.000133333,1.2253e-05,1.2253e-05,1.2253e-05,1.2253e-05,0.000132,1.20701e-05,1,1,1,1,1,1.01515,0.000178,2.25
153,hexa,153,0.003821,0.001421,-0.0004,0.004177,0.001777,0,1,0.000178,0.000178,0.000133333,1.2253e-05,1.2253e-05,1.2253e-05,1.2253e-05,0.000132,1.20701e-05,1,1,1,1,1,1.01515,0.000178,2.25
154,hexa,154,0.002221,0.000621,-0.0004,0.002577,0.000977,0,1,0.000178,0.000178,0.000133333,1.2253e-05,1.2253e-05,1.2253e-05,1.2253e-05,0.000132,1.20701e-05,1,1,1,1,1,1.01515,0.000178,2.25
155,hexa,155,0.003021,0.001421,-0.0004,0.003377,0.001777,0,1,0.000118667,0.000178,0.000133333,1.2253e-05,1.2253e-05,1.2253e-05,1.2253e-05,0.000132,1.20701e-05,1,1,1,1,1,1.01515,0.000178,2.25
156,hexa,156,0.006221,0.002221,-0.0004,0.006577,0.002577,0,1,0.000178,0.000178,0.000133333,1.2253e-05,1.2253e-05,1.2253e-05,1.2253e-05,0.000132,1.20701e-05,1,1,1,1,1,1.01515,0.000178,2.25
157,hexa,157,0.005421,0.002221,-0.0004,0.005777,0.002577,0,1,0.000178,0.000178,0.000133333,1.2253e-05,1.2253e-05,1.2253e-05,1.2253e-05,0.000132,1.20701e-05,1,1,1,1,1,1.01515,0.000178,2.25
158,hexa,158,0.004621,0.002221,-0.0004,0.004977,0.002577,0,1,0.000118667,0.000178,0.000133333,1.2253e-05,1.2253e-05,1.2253e-05,1.2253e-05,0.000132,1.20701e-05,1,1,1,1,1,1.01515,0.000178,2.25
159,hexa,159,0.006221,0.003021,-0.0004,0.006577,0.003377,0,1,0.000178,0.000178,0.000133333,1.2253e-05,1.2253e-05,1.2253e-05,1.2253e-05,0.000132,1.20701e-05,1,1,1,1,1,1.01515,0.000178,2.25
160,hexa,160,0.003821,0.003021,-0.0004,0.004177,0.003377,0,1,0.000178,0.000178,0.000133333,1.2253e-05,1.2253e-05,1.2253e-05,1.2253e-05,0.000132,1.20701e-05,1,1,1,1,1,1.01515,0.000178,2.25
161,hexa,161,0.005421,0.003021,-0.0004,0.005777,0.003377,0,1,0.000178,0.000178,0.000133333,1.2253e-05,1.2253e-05,1.2253e-05,1.2253e-05,0.000132,1.20701e-05,1,1,1,1,1,1.01515,0.000178,2.25
162,hexa,162,0.004621,0.003021,-0.0004,0.004977,0.003377,0,1,0.000118667,0.000178,0.000133333,1.2253e-05,1.2253e-05,1.2253e-05,1.2253e-05,0.000132,1.20701e-05,1,1,1,1,1,1.01515,0.000178,2.25
163,hexa,163,0.006221,0.003821,-0.0004,0.006577,0.004177,0,1,0.000178,0.000178,0.000133333,1.2253e-05,1.2253e-05,1.2253e-05,1.2253e-05,0.000132,1.20701e-05,1,1,1,1,1,1.01515,0.000178,2.25
164,hexa,164,0.003821,0.002221,-0.0004,0.004177,0.002577,0,1,0.000178,0.000178,0.000133333,1.2253e-05,1.2253e-05,1.2253e-05,1.2253e-05,0.000132,1.20701e-05,1,1,1,1,1,1.01515,0.000178,2.25
165,hexa,165,0.005421,0.003821,-0.0004,0.005777,0.004177,0,1,0.000178,0.000178,0.000133333,1.2253e-05,1.2253e-05,1.2253e-05,1.2253e-05,0.000132,1.20701e-05,1,1,1,1,1,1.01515,0.000178,2.25
166,hexa,166,0.003021,0.002221,-0.0004,0.003377,0.002577,0,1,0.000118667,0.000178,0.000133333,1.2253e-05,1.2253e-05,1.2253e-05,1.2253e-05,0.000132,1.20701e-05,1,1,1,1,1,1.01515,0.000178,2.25
167,hexa,167,0.004621,0.003821,-0.0004,0.004977,0.004177,0,1,0.000118667,0.000178,0.000133333,1.2253e-05,1.2253e-05,1.2253e-05,1.2253e-05,0.000132,1.20701e-05,1,1,1,1,1,1.01515,0.000178,2.25
168,hexa,168,0.006221,0.004621,-0.0004,0.006577,0.004977,0,1,0.000178,8.9e-05,0.000133333,1.2253e-05,1.2253e-05,1.2253e-05,1.2253e-05,0.000132,1.20701e-05,1,1,1,1,1,1.01515,0.000178,2.25
169,hexa,169,0.003021,0.003021,-0.0004,0.003377,0.003377,0,1,0.000118667,0.000178,0.000133333,1.2253e-05,1.2253e-05,1.2253e-05,1.2253e-05,0.000132,1.20701e-05,1,1,1,1,1,1.01515,0.000178,2.25
170,hexa,170,0.006221,0.005421,-0.0004,0.006577,0.005777,0,1,0.000178,0.000178,0.000133333,1.2253e-05,1.2253e-05,1.2253e-05,1.2253e-05,0.000132,1.20701e-05,1,1,1,1,1,1.01515,0.000178,2.25
171,hexa,171,0.005421,0.004621,-0.0004,0.005777,0.004977,0,1,0.000178,8.9e-05,0.000133333,1.2253e-05,1.2253e-05,1.2253e-05,1.2253e-05,0.000132,1.20701e-05,1,1,1,1,1,1.01515,0.000178,2.25
172,hexa,172,0.006221,0.006221,-0.0004,0.006577,0.006577,0,1,0.000178,0.000178,0.000133333,1.2253e-05,1.2253e-05,1.2253e-05,1.2253e-05,0.000132,1.20701e-05,1,1,1,1,1,1.01515,0.000178,2.25
173,hexa,173,0.005421,0.006221,-0.0004,0.005777,0.006577,0,1,0.000178,0.000178,0.000133333,1.2253e-05,1.2253e-05,1.2253e-05,1.2253e-05,0.000132,1.20701e-05,1,1,1,1,1,1.01515,0.000178,2.25
174,hexa,174,0.004621,0.005421,-0.0004,0.004977,0.005777,0,1,0.000118667,0.000178,0.000133333,1.2253e-05,1.2253e-05,1.2253e-05,1.2253e-05,0.000132,1.20701e-05,1,1,1,1,1,1.01515,0.000178,2.25
175,hexa,175,0.003821,0.004621,-0.0004,0.004177,0.004977,0,1,0.000178,8.9e-05,0.000133333,1.2253e-05,1.2253e-05,1.2253e-05,1.2253e-05,0.000132,1.20701e-05,1,1,1,1,1,1.01515,0.000178,2.25
176,hexa,176,0.004621,0.006221,-0.0004,0.004977,0.006577,0,1,0.000118667,0.000178,0.000133333,1.2253e-05,1.2253e-05,1.2253e-05,1.2253e-05,0.000132,1.20701e-05,1,1,1,1,1,1.01515,0.000178,2.25
177,hexa,177,0.002221,0.002221,-0.0004,0.002577,0.002577,0,1,0.000178,0.000178,0.000133333,1.2253e-05,1.2253e-05,1.2253e-05,1.2253e-05,0.000132,1.20701e-05,1,1,1,1,1,1.01515,0.000178,2.25
178,hexa,178,0.003821,0.005421,-0.0004,0.004177,0.005777,0,1,0.000178,0.000178,0.000133333,1.2253e-05,1.2253e-05,1.2253e-05,1.2253e-05,0.000132,1.20701e-05,1,1,1,1,1,1.01515,0.000178,2.25
179,hexa,179,0.003821,0.003821,-0.0004,0.004177,0.004177,0,1,0.000178,0.000178,0.000133333,1.2253e-05,1.2253e-05,1.2253e-05,1.2253e-05,0.000132,1.20701e-05,1,1,1,1,1,1.01515,0.000178,2.25
180,hexa,180,0.003821,0.006221,-0.0004,0.004177,0.006577,0,1,0.000178,0.000178,0.000133333,1.2253e-05,1.2253e-05,1.2253e-05,1.2253e-05,0.000132,1.20701e-05,1,1,1,1,1,1.01515,0.000178,2.25
181,hexa,181,0.003021,0.004621,-0.0004,0.003377,0.004977,0,1,0.000118667,8.9e-05,0.000133333,1.2253e-05,1.2253e-05,1.2253e-05,1.2253e-05,0.000132,1.20701e-05,1,1,1,1,1,1.01515,0.0001125,2.25
182,hexa,182,0.003021,0.005421,-0.0004,0.003377,0.005777,0,1,0.000118667,0.000178,0.000133333,1.2253e-05,1.2253e-05,1.2253e-05,1.2253e-05,0.000132,1.20701e-05,1,1,1,1,1,1.01515,0.000178,2.25
183,hexa,183,0.003021,0.003821,-0.0004,0.003377,0.004177,0,1,0.000118667,0.000178,0.000133333,1.2253e-05,1.2253e-05,1.2253e-05,1.2253e-05,0.000132,1.20701e-05,1,1,1,1,1,1.01515,0.000178,2.25
184,hexa,184,0.002221,0.005421,-0.0004,0.002577,0.005777,0,1,0.000178,0.000178,0.000133333,1.2253e-05,1.2253e-05,1.2253e-05,1.2253e-05,0.000132,1.20701e-05,1,1,1,1,1,1.01515,0.000178,2.25
185,hexa,185,0.002221,0.003021,-0.0004,0.002577,0.003377,0,1,0.000178,0.000178,0.000133333,1.2253e-05,1.2253e-05,1.2253e-05,1.2253e-05,0.000132,1.20701e-05,1,1,1,1,1,1.01515,0.000178,2.25
186,hexa,186,0.001421,0.003821,-0.0004,0.001777,0.004177,0,1,0.000178,0.000178,0.000133333,1.2253e-05,1.2253e-05,1.2253e-05,1.2253e-05,0.000132,1.20701e-05,1,1,1,1,1,1.01515,0.000178,2.25
187,hexa,187,0.001421,0.002221,-0.0004,0.001777,0.002577,0,1,0.000178,0.000178,0.000133333,1.2253e-05,1.2253e-05,1.2253e-05,1.2253e-05,0.000132,1.20701e-05,1,1,1,1,1,1.01515,0.000178,2.25
188,hexa,188,0.001421,0.005421,-0.0004,0.001777,0.005777,0,1,0.000178,0.000178,0.000133333,1.2253e-05,1.2253e-05,1.2253e-05,1.2253e-05,0.000132,1.20701e-05,1,1,1,1,1,1.01515,0.000178,2.25
189,hexa,189,0.001421,0.001421,-0.0004,0.001777,0.001777,0,1,0.000178,0.000178,0.000133333,1.2253e-05,1.2253e-05,1.2253e-05,1.2253e-05,0.000132,1.20701e-05,1,1,1,1,1,1.01515,0.000178,2.25
190,hexa,190,0.000621,0.006221,-0.0004,0.000977,0.006577,0,1,0.000178,0.000178,0.000133333,1.2253e-05,1.2253e-05,1.2253e-05,1.2253e-05,0.000132,1.20701e-05,1,1,1,1,1,1.01515,0.000178,2.25
191,hexa,191,0.000621,0.005421,-0.0004,0.000977,0.005777,0,1,0.000178,0.000178,0.000133333,1.2253e-05,1.2253e-05,1.2253e-05,1.2253e-05,0.000132,1.20701e-05,1,1,1,1,1,1.01515,0.000178,2.25
192,hexa,192,0.000621,0.004621,-0.0004,0.000977,0.004977,0,1,0.000178,8.9e-05,0.000133333,1.2253e-05,1.2253e-05,1.2253e-05,1.2253e-05,0.000132,1.20701e-05,1,1,1,1,1,1.01515,0.000178,2.25
193,hexa,193,0.000621,0.003021,-0.0004,0.000977,0.003377,0,1,0.000178,0.000178,0.000133333,1.2253e-05,1.2253e-05,1.2253e-05,1.2253e-05,0.000132,1.20701e-05,1,1,1,1,1,1.01515,0.000178,2.25
194,hexa,194,0.000621,0.003821,-0.0004,0.000977,0.004177,0,1,0.000178,0.000178,0.000133333,1.2253e-05,1.2253e-05,1.2253e-05,1.2253e-05,0.000132,1.20701e-05,1,1,1,1,1,1.01515,0.000178,2.25
195,hexa,195,0.000621,0.002221,-0.0004,0.000977,0.002577,0,1,0.000178,0.000178,0.000133333,1.2253e-05,1.2253e-05,1.2253e-05,1.2253e-05,0.000132,1.20701e-05,1,1,1,1,1,1.01515,0.000178,2.25
196,hexa,196,-0.000179,0.006221,-0.0004,0.000177,0.006577,0,1,0.000178,0.000178,0.000133333,1.2253e-05,1.2253e-05,1.2253e-05,1.2253e-05,0.000132,1.20701e-05,1,1,1,1,1,1.01515,0.000178,2.25
197,hexa,197,-0.000979,0.003021,-0.0004,-0.000623,0.003377,0,1,0.000178,0.000178,0.000133333,1.2253e-05,1.2253e-05,1.2253e-05,1.2253e-05,0.000132,1.20701e-05,1,1,1,1,1,1.01515,0.000178,2.25
198,hexa,198,-0.000979,0.004621,-0.0004,-0.000623,0.004977,0,1,0.000178,8.9e-05,0.000133333,1.2253e-05,1.2253e-05,1.2253e-05,1.2253e-05,0.000132,1.20701e-05,1,1,1,1,1,1.01515,0.000178,2.25
199,hexa,199,-0.000179,0.002221,-0.0004,0.000177,0.002577,0,1,0.000178,0.000178,0.000133333,1.2253e-05,1.2253e-05,1.2253e-05,1.2253e-05,0.000132,1.20701e-05,1,1,1,1,1,1.01515,0.000178,2.25
200,hexa,200,-0.000979,0.003821,-0.0004,-0.000623,0.004177,0,1,0.000178,0.000178,0.000133333,1.2253e-05,1.2253e-05,1.2253e-05,1.2253e-05,0.000132,1.20701e-05,1,1,1,1,1,1.01515,0.000178,2.25
201,hexa,201,-0.000179,0.001421,-0.0004,0.000177,0.001777,0,1,0.000178,0.000178,0.000133333,1.2253e-05,1.2253e-05,1.2253e-05,1.2253e-05,0.000132,1.20701e-05,1,1,1,1,1,1.01515,0.000178,2.25
202,hexa,202,-0.000979,0.005421,-0.0004,-0.000623,0.005777,0,1,0.000178,0.000178,0.000133333,1.2253e-05,1.2253e-05,1.2253e-05,1.2253e-05,0.000132,1.20701e-05,1,1,1,1,1,1.01515,0.000178,2.25
203,hexa,203,-0.000979,0.006221,-0.0004,-0.000623,0.006577,0,1,0.000178,0.000178,0.000133333,1.2253e-05,1.2253e-05,1.2253e-05,1.2253e-05,0.000132,1.20701e-05,1,1,1,1,1,1.01515,0.000178,2.25
204,hexa,204,-0.001779,0.003821,-0.0004,-0.001423,0.004177,0,1,0.000178,0.000178,0.000133333,1.2253e-05,1.2253e-05,1.2253e-05,1.2253e-05,0.000132,1.20701e-05,1,1,1,1,1,1.01515,0.000178,2.25
205,hexa,205,-0.001779,0.003021,-0.0004,-0.001423,0.003377,0,1,0.000178,0.000178,0.000133333,1.2253e-05,1.2253e-05,1.2253e-05,1.2253e-05,0.000132,1.20701e-05,1,1,1,1,1,1.01515,0.000178,2.25
206,hexa,206,-0.001779,0.004621,-0.0004,-0.001423,0.004977,0,1,0.000178,8.9e-05,0.000133333,1.2253e-05,1.2253e-05,1.2253e-05,1.2253e-05,0.000132,1.20701e-05,1,1,1,1,1,1.01515,0.000178,2.25
207,hexa,207,-0.001779,0.005421,-0.0004,-0.001423,0.005777,0,1,0.000178,0.000178,0.000133333,1.2253e-05,1.2253e-05,1.2253e-05,1.2253e-05,0.000132,1.20701e-05,1,1,1,1,1,1.01515,0.000178,2.25
208,hexa,208,-0.001779,0.006221,-0.0004,-0.001423,0.006577,0,1,0.000178,0.000178,0.000133333,1.2253e-05,1.2253e-05,1.2253e-05,1.2253e-05,0.000132,1.20701e-05,1,1,1,1,1,1.01515,0.000178,2.25
209,hexa,209,-0.002579,0.004621,-0.0004,-0.002223,0.004977,0,1,0.000178,8.9e-05,0.000133333,1.2253e-05,1.2253e-05,1.2253e-05,1.2253e-05,0.000132,1.20701e-05,1,1,1,1,1,1.01515,0.000178,2.25
210,hexa,210,-0.002579,0.005421,-0.0004,-0.002223,0.005777,0,1,0.000178,0.000178,0.000133333,1.2253e-05,1.2253e-05,1.2253e-05,1.2253e-05,0.000132,1.20701e-05,1,1,1,1,1,1.01515,0.000178,2.25
211,hexa,211,-0.002579,0.003821,-0.0004,-0.002223,0.004177,0,1,0.000178,0.000178,0.000133333,1.2253e-05,1.2253e-05,1.2253e-05,1.2253e-05,0.000132,1.20701e-05,1,1,1,1,1,1.01515,0.000178,2.25
212,hexa,212,-0.003379,0.006221,-0.0004,-0.003023,0.006577,0,1,0.000118667,0.000178,0.000133333,1.2253e-05,1.2253e-05,1.2253e-05,1.2253e-05,0.000132,1.20701e-05,1,1,1,1,1,1.01515,0.000178,2.25
213,hexa,213,-0.003379,0.004621,-0.0004,-0.003023,0.004977,0,1,0.000118667,8.9e-05,0.000133333,1.2253e-05,1.2253e-05,1.2253e-05,1.2253e-05,0.000132,1.20701e-05,1,1,1,1,1,1.01515,0.0001125,2.25
214,hexa,214,-0.003379,0.005421,-0.0004,-0.003023,0.005777,0,1,0.000118667,0.000178,0.000133333,1.2253e-05,1.2253e-05,1.2253e-05,1.2253e-05,0.000132,1.20701e-05,1,1,1,1,1,1.01515,0.000178,2.25
215,hexa,215,-0.002579,0.000621,-0.0004,-0.002223,0.000977,0,1,0.000178,0.000178,0.000133333,1.2253e-05,1.2253e-05,1.2253e-05,1.2253e-05,0.000132,1.20701e-05,1,1,1,1,1,1.01515,0.000178,2.25
216,hexa,216,0.002221,-0.004179,-0.0004,0.002577,-0.003823,0,1,0.000178,0.000178,0.000133333,1.2253e-05,1.2253e-05,1.2253e-05,1.2253e-05,0.000132,1.20701e-05,1,1,1,1,1,1.01515,0.000178,2.25
217,hexa,217,0.005421,0.005421,-0.0004,0.005777,0.005777,0,1,0.000178,0.000178,0.000133333,1.2253e-05,1.2253e-05,1.2253e-05,1.2253e-05,0.000132,1.20701e-05,1,1,1,1,1,1.01515,0.000178,2.25
218,hexa,218,-0.002579,-0.006579,-0.0004,-0.002223,-0.006223,0,1,0.000178,0.000178,0.000133333,1.2253e-05,1.2253e-05,1.2253e-05,1.2253e-05,0.000132,1.20701e-05,1,1,1,1,1,1.01515,0.000178,2.25
219,hexa,219,-0.000179,0.005421,-0.0004,0.000177,0.005777,0,1,0.000178,0.000178,0.000133333,1.2253e-05,1.2253e-05,1.2253e-05,1.2253e-05,0.000132,1.20701e-05,1,1,1,1,1,1.01515,0.000178,2.25
220,hexa,220,0.004621,-0.004179,-0.0004,0.004977,-0.003823,0,1,0.000118667,0.000178,0.000133333,1.2253e-05,1.2253e-05,1.2253e-05,1.2253e-05,0.000132,1.20701e-05,1,1,1,1,1,1.01515,0.000178,2.25
221,hexa,221,-0.006579,0.003021,-0.0004,-0.006223,0.003377,0,1,0.000178,0.000178,0.000133333,1.2253e-05,1.2253e-05,1.2253e-05,1.2253e-05,0.000132,1.20701e-05,1,1,1,1,1,1.01515,0.000178,2.25
222,hexa,222,-0.003379,0.003821,-0.0004,-0.003023,0.004177,0,1,0.000118667,0.000178,0.000133333,1.2253e-05,1.2253e-05,1.2253e-05,1.2253e-05,0.000132,1.20701e-05,1,1,1,1,1,1.01515,0.000178,2.25
223,hexa,223,-0.004179,-0.001779,-0.0004,-0.003823,-0.001423,0,1,0.000178,0.000178,0.000133333,1.2253e-05,1.2253e-05,1.2253e-05,1.2253e-05,0.000132,1.20701e-05,1,1,1,1,1,1.01515,0.000178,2.25
224,hexa,224,-0.000179,-0.004979,-0.0004,0.000177,-0.004623,0,1,0.000178,8.9e-05,0.000133333,1.2253e-05,1.2253e-05,1.2253e-05,1.2253e-05,0.000132,1.20701e-05,1,1,1,1,1,1.01515,0.000178,2.25
225,hexa,225,0.003821,-0.004179,-0.0004,0.004177,-0.003823,0,1,0.000178,0.000178,0.000133333,1.2253e-05,1.2253e-05,1.2253e-05,1.2253e-05,0.000132,1.20701e-05,1,1,1,1,1,1.01515,0.000178,2.25
226,hexa,226,0.002221,0.001421,-0.0004,0.002577,0.001777,0,1,0.000178,0.000178,0.000133333,1.2253e-05,1.2253e-05,1.2253e-05,1.2253e-05,0.000132,1.20701e-05,1,1,1,1,1,1.01515,0.000178,2.25
227,hexa,227,-0.006579,-0.000179,-0.0004,-0.006223,0.000177,0,1,0.000178,0.000178,0.000133333,1.2253e-05,1.2253e-05,1.2253e-05,1.2253e-05,0.000132,1.20701e-05,1,1,1,1,1,1.01515,0.000178,2.25
228,hexa,228,0.006221,-0.004979,-0.0004,0.006577,-0.004623,0,1,0.000178,8.9e-05,0.000133333,1.2253e-05,1.2253e-05,1.2253e-05,1.2253e-05,0.000132,1.20701e-05,1,1,1,1,1,1.01515,0.000178,2.25
229,hexa,229,0.005421,-0.004179,-0.0004,0.005777,-0.003823,0,1,0.000178,0.000178,0.000133333,1.2253e-05,1.2253e-05,1.2253e-05,1.2253e-05,0.000132,1.20701e-05,1,1,1,1,1,1.01515,0.000178,2.25
230,hexa,230,0.004621,0.004621,-0.0004,0.004977,0.004977,0,1,0.000118667,8.9e-05,0.000133333,1.2253e-05,1.2253e-05,1.2253e-05,1.2253e-05,0.000132,1.20701e-05,1,1,1,1,1,1.01515,0.000142455,2.25
231,hexa,231,-0.002579,-0.005779,-0.0004,-0.002223,-0.005423,0,1,0.000178,0.000178,0.000133333,1.2253e-05,1.2253e-05,1.2253e-05,1.2253e-05,0.000132,1.20701e-05,1,1,1,1,1,1.01515,0.000178,2.25
232,hexa,232,0.002221,0.006221,-0.0004,0.002577,0.006577,0,1,0.000178,0.000178,0.000133333,1.2253e-05,1.2253e-05,1.2253e-05,1.2253e-05,0.000132,1.20701e-05,1,1,1,1,1,1.01515,0.000178,2.25
233,hexa,233,-0.004179,0.006221,-0.0004,-0.003823,0.006577,0,1,0.000178,0.000178,0.000133333,1.2253e-05,1.2253e-05,1.2253e-05,1.2253e-05,0.000132,1.20701e-05,1,1,1,1,1,1.01515,0.000178,2.25
234,hexa,234,-0.004979,-0.002579,-0.0004,-0.004623,-0.002223,0,1,0.000118667,0.000178,0.000133333,1.2253e-05,1.2253e-05,1.2253e-05,1.2253e-05,0.000132,1.20701e-05,1,1,1,1,1,1.01515,0.000178,2.25
235,hexa,235,0.003821,-0.005779,-0.0004,0.004177,-0.005423,0,1,0.000178,0.000178,0.000133333,1.2253e-05,1.2253e-05,1.2253e-05,1.2253e-05,0.000132,1.20701e-05,1,1,1,1,1,1.01515,0.000178,2.25
236,hexa,236,-0.000179,0.004621,-0.0004,0.000177,0.004977,0,1,0.000178,8.9e-05,0.000133333,1.2253e-05,1.2253e-05,1.2253e-05,1.2253e-05,0.000132,1.20701e-05,1,1,1,1,1,1.01515,0.000178,2.25
237,hexa,237,0.003021,-0.002579,-0.0004,0.003377,-0.002223,0,1,0.000118667,0.000178,0.000133333,1.2253e-05,1.2253e-05,1.2253e-05,1.2253e-05,0.000132,1.20701e-05,1,1,1,1,1,1.01515,0.000178,2.25
238,hexa,238,-0.000179,-0.003379,-0.0004,0.000177,-0.003023,0,1,0.000178,0.000178,0.000133333,1.2253e-05,1.2253e-05,1.2253e-05,1.2253e-05,0.000132,1.20701e-05,1,1,1,1,1,1.01515,0.000178,2.25
239,hexa,239,-0.004979,0.002221,-0.0004,-0.004623,0.002577,0,1,0.000118667,0.000178,0.000133333,1.2253e-05,1.2253e-05,1.2253e-05,1.2253e-05,0.000132,1.20701e-05,1,1,1,1,1,1.01515,0.000178,2.25
240,hexa,240,0.006221,-0.006579,-0.0004,0.006577,-0.006223,0,1,0.000178,0.000178,0.000133333,1.2253e-05,1.2253e-05,1.2253e-05,1.2253e-05,0.000132,1.20701e-05,1,1,1,1,1,1.01515,0.000178,2.25
241,hexa,241,0.001421,-0.006579,-0.0004,0.001777,-0.006223,0,1,0.000178,0.000178,0.000133333,1.2253e-05,1.2253e-05,1.2253e-05,1.2253e-05,0.000132,1.20701e-05,1,1,1,1,1,1.01515,0.000178,2.25
242,hexa,242,0.003021,0.006221,-0.0004,0.003377,0.006577,0,1,0.000118667,0.000178,0.000133333,1.2253e-05,1.2253e-05,1.2253e-05,1.2253e-05,0.000132,1.20701e-05,1,1,1,1,1,1.01515,0.000178,2.25
243,hexa,243,-0.006579,-0.006579,-0.0004,-0.006223,-0.006223,0,1,0.000178,0.000178,0.000133333,1.2253e-05,1.2253e-05,1.2253e-05,1.2253e-05,0.000132,1.20701e-05,1,1,1,1,1,1.01515,0.000178,2.25
244,hexa,244,-0.000179,-0.006579,-0.0004,0.000177,-0.006223,0,1,0.000178,0.000178,0.000133333,1.2253e-05,1.2253e-05,1.2253e-05,1.2253e-05,0.000132,1.20701e-05,1,1,1,1,1,1.01515,0.000178,2.25
245,hexa,245,0.001421,0.006221,-0.0004,0.001777,0.006577,0,1,0.000178,0.000178,0.000133333,1.2253e-05,1.2253e-05,1.2253e-05,1.2253e-05,0.000132,1.20701e-05,1,1,1,1,1,1.01515,0.000178,2.25
246,hexa,246,-0.000179,0.003021,-0.0004,0.000177,0.003377,0,1,0.000178,0.000178,0.000133333,1.2253e-05,1.2253e-05,1.2253e-05,1.2253e-05,0.000132,1.20701e-05,1,1,1,1,1,1.01515,0.000178,2.25
247,hexa,247,-0.004179,-0.006579,-0.0004,-0.003823,-0.006223,0,1,0.000178,0.000178,0.000133333,1.2253e-05,1.2253e-05,1.2253e-05,1.2253e-05,0.000132,1.20701e-05,1,1,1,1,1,1.01515,0.000178,2.25
248,hexa,248,-0.002579,0.006221,-0.0004,-0.002223,0.006577,0,1,0.000178,0.000178,0.000133333,1.2253e-05,1.2253e-05,1.2253e-05,1.2253e-05,0.000132,1.20701e-05,1,1,1,1,1,1.01515,0.000178,2.25
249,hexa,249,-0.004179,0.005421,-0.0004,-0.003823,0.005777,0,1,0.000178,0.000178,0.000133333,1.2253e-05,1.2253e-05,1.2253e-05,1.2253e-05,0.000132,1.20701e-05,1,1,1,1,1,1.01515,0.000178,2.25
250,hexa,250,-0.004179,0.003021,-0.0004,-0.003823,0.003377,0,1,0.000178,0.000178,0.000133333,1.2253e-05,1.2253e-05,1.2253e-05,1.2253e-05,0.000132,1.20701e-05,1,1,1,1,1,1.01515,0.000178,2.25
251,hexa,251,-0.003379,0.000621,-0.0004,-0.003023,0.000977,0,1,0.000118667,0.000178,0.000133333,1.2253e-05,1.2253e-05,1.2253e-05,1.2253e-05,0.000132,1.20701e-05,1,1,1,1,1,1.01515,0.000178,2.25
252,hexa,252,0.001421,0.003021,-0.0004,0.001777,0.003377,0,1,0.000178,0.000178,0.000133333,1.2253e-05,1.2253e-05,1.2253e-05,1.2253e-05,0.000132,1.20701e-05,1,1,1,1,1,1.01515,0.000178,2.25
253,hexa,253,-0.005779,-0.001779,-0.0004,-0.005423,-0.001423,0,1,0.000178,0.000178,0.000133333,1.2253e-05,1.2253e-05,1.2253e-05,1.2253e-05,0.000132,1.20701e-05,1,1,1,1,1,1.01515,0.000178,2.25
254,hexa,254,-0.000979,0.002221,-0.0004,-0.000623,0.002577,0,1,0.000178,0.000178,0.000133333,1.2253e-05,1.2253e-05,1.2253e-05,1.2253e-05,0.000132,1.20701e-05,1,1,1,1,1,1.01515,0.000178,2.25
255,hexa,255,0.005421,-0.005779,-0.0004,0.005777,-0.005423,0,1,0.000178,0.000178,0.000133333,1.2253e-05,1.2253e-05,1.2253e-05,1.2253e-05,0.000132,1.20701e-05,1,1,1,1,1,1.01515,0.000178,2.25
256,hexa,256,-0.005779,-0.004979,-0.0004,-0.005423,-0.004623,0,1,0.000178,8.9e-05,0.000133333,1.2253e-05,1.2253e-05,1.2253e-05,1.2253e-05,0.000132,1.20701e-05,1,1,1,1,1,1.01515,0.000178,2.25
257,hexa,257,-0.003379,-0.003379,-0.0004,-0.003023,-0.003023,0,1,0.000118667,0.000178,0.000133333,1.2253e-05,1.2253e-05,1.2253e-05,1.2253e-05,0.000132,1.20701e-05,1,1,1,1,1,1.01515,0.000178,2.25
258,hexa,258,-0.006579,-0.001779,-0.0004,-0.006223,-0.001423,0,1,0.000178,0.000178,0.000133333,1.2253e-05,1.2253e-05,1.2253e-05,1.2253e-05,0.000132,1.20701e-05,1,1,1,1,1,1.01515,0.000178,2.25
259,hexa,259,-0.005779,0.003021,-0.0004,-0.005423,0.003377,0,1,0.000178,0.000178,0.000133333,1.2253e-05,1.2253e-05,1.2253e-05,1.2253e-05,0.000132,1.20701e-05,1,1,1,1,1,1.01515,0.000178,2.25
260,hexa,260,-0.004979,0.000621,-0.0004,-0.004623,0.000977,0,1,0.000118667,0.000178,0.000133333,1.2253e-05,1.2253e-05,1.2253e-05,1.2253e-05,0.000132,1.20701e-05,1,1,1,1,1,1.01515,0.000178,2.25
261,hexa,261,-0.000179,-0.004179,-0.0004,0.000177,-0.003823,0,1,0.000178,0.000178,0.000133333,1.2253e-05,1.2253e-05,1.2253e-05,1.2253e-05,0.000132,1.20701e-05,1,1,1,1,1,1.01515,0.000178,2.25
262,hexa,262,0.001421,-0.004179,-0.0004,0.001777,-0.003823,0,1,0.000178,0.000178,0.000133333,1.2253e-05,1.2253e-05,1.2253e-05,1.2253e-05,0.000132,1.20701e-05,1,1,1,1,1,1.01515,0.000178,2.25
263,hexa,263,0.002221,0.004621,-0.0004,0.002577,0.004977,0,1,0.000178,8.9e-05,0.000133333,1.2253e-05,1.2253e-05,1.2253e-05,1.2253e-05,0.000132,1.20701e-05,1,1,1,1,1,1.01515,0.000178,2.25
264,hexa,264,0.002221,0.003821,-0.0004,0.002577,0.004177,0,1,0.000178,0.000178,0.000133333,1.2253e-05,1.2253e-05,1.2253e-05,1.2253e-05,0.000132,1.20701e-05,1,1,1,1,1,1.01515,0.000178,2.25
265,hexa,265,0.001421,0.004621,-0.0004,0.001777,0.004977,0,1,0.000178,8.9e-05,0.000133333,1.2253e-05,1.2253e-05,1.2253e-05,1.2253e-05,0.000132,1.20701e-05,1,1,1,1,1,1.01515,0.000178,2.25
266,hexa,266,-0.000179,0.003821,-0.0004,0.000177,0.004177,0,1,0.000178,0.000178,0.000133333,1.2253e-05,1.2253e-05,1.2253e-05,1.2253e-05,0.000132,1.20701e-05,1,1,1,1,1,1.01515,0.000178,2.25
267,hexa,267,-0.001779,0.002221,-0.0004,-0.001423,0.002577,0,1,0.000178,0.000178,0.000133333,1.2253e-05,1.2253e-05,1.2253e-05,1.2253e-05,0.000132,1.20701e-05,1,1,1,1,1,1.01515,0.000178,2.25
268,hexa,268,-0.002579,0.003021,-0.0004,-0.002223,0.003377,0,1,0.000178,0.000178,0.000133333,1.2253e-05,1.2253e-05,1.2253e-05,1.2253e-05,0.000132,1.20701e-05,1,1,1,1,1,1.01515,0.000178,2.25
269,hexa,269,-0.004179,0.004621,-0.0004,-0.003823,0.004977,0,1,0.000178,8.9e-05,0.000133333,1.2253e-05,1.2253e-05,1.2253e-05,1.2253e-05,0.000132,1.20701e-05,1,1,1,1,1,1.01515,0.000178,2.25
270,hexa,270,-0.002579,0.002221,-0.0004,-0.002223,0.002577,0,1,0.000178,0.000178,0.000133333,1.2253e-05,1.2253e-05,1.2253e-05,1.2253e-05,0.000132,1.20701e-05,1,1,1,1,1,1.01515,0.000178,2.25
271,hexa,271,-0.004979,0.006221,-0.0004,-0.004623,0.006577,0,1,0.000118667,0.000178,0.000133333,1.2253e-05,1.2253e-05,1.2253e-05,1.2253e-05,0.000132,1.20701e-05,1,1,1,1,1,1.01515,0.000178,2.25
272,hexa,272,-0.004979,0.005421,-0.0004,-0.004623,0.005777,0,1,0.000118667,0.000178,0.000133333,1.2253e-05,1.2253e-05,1.2253e-05,1.2253e-05,0.000132,1.20701e-05,1,1,1,1,1,1.01515,0.000178,2.25
273,hexa,273,-0.005779,0.006221,-0.0004,-0.005423,0.006577,0,1,0.000178,0.000178,0.000133333,1.2253e-05,1.2253e-05,1.2253e-05,1.2253e-05,0.000132,1.20701e-05,1,1,1,1,1,1.01515,0.000178,2.25
274,hexa,274,-0.006579,0.006221,-0.0004,-0.006223,0.006577,0,1,0.000178,0.000178,0.000133333,1.2253e-05,1.2253e-05,1.2253e-05,1.2253e-05,0.000132,1.20701e-05,1,1,1,1,1,1.01515,0.000178,2.25
275,hexa,275,-0.005779,0.005421,-0.0004,-0.005423,0.005777,0,1,0.000178,0.000178,0.000133333,1.2253e-05,1.2253e-05,1.2253e-05,1.2253e-05,0.000132,1.20701e-05,1,1,1,1,1,1.01515,0.000178,2.25
276,hexa,276,-0.00703,-0.00703,0,0.00703,0.00703,0.000323152,1,0.01406,0.01406,0.000323152,0,0,0,0,5e-05,0.0001,1,1,1,1,3.5,1.75,8.0788e-05,1
277,hexa,277,-0.00703,-0.00703,0.000323152,0.00703,0.00703,0.00175,1,0.01406,0.01406,0.00142685,0,0,0,0,3.6576e-05,0,1,1,1,1,3.41754,1,0.0001,1
278,poly,278,xy,4,-0.00475825,-0.00452087,0.000773152,-0.00475825,-0.00452087,0.000773152,-0.0028034,-0.002579,0.000773152,-0.0028034,-0.002579,0.000773152,-0.0028034,0.002577,0.000773152,-0.0028034,0.002577,0.000773152,-0.00475825,0.00452087,0.000773152,-0.00475825,0.00452087,0.000773152,0,1,0.000229618,0.000214833,0.000229735,0.00019656,0,0.000162904,0.0002,0.000162904,0.00019656,0.000175,0.00013955,1,1,1,1,1,1
279,poly,279,xy,4,-0.0044415,-0.0047546,0.000773152,-0.0044415,-0.0047546,0.000773152,-0.0024698,-0.0028735,0.000773152,-0.0024698,-0.0028735,0.000773152,0.0024698,-0.0028735,0.000773152,0.0024698,-0.0028735,0.000773152,0.0044415,-0.0047546,0.000773152,0.0044415,-0.0047546,0.000773152,0,1,0.000272509,0.000205817,0.000272509,0.000193109,0,0.000183799,0.0002,0.000183999,0.000193109,0.000175,0.00013955,1,1,1,1,1,1
280,quad,280,yz,-0.00475825,-0.00452087,0.000323152,-0.00475825,0.00452087,0.000773152,1,0.00904175,0.00045,0.000245256,7.9878e-05,0.0001,1,1,1
281,quad,281,xz,-0.0044415,-0.0047546,0.000323152,0.0044415,-0.0047546,0.000773152,1,0.00045,0.008883,0.000155817,7.79083e-05,0.0001,1,1.00371,1
282,poly,282,xy,4,0.00475825,-0.00452087,0.000773152,0.00475825,-0.00452087,0.000773152,0.0028034,-0.002579,0.000773152,0.0028034,-0.002579,0.000773152,0.0028034,0.002577,0.000773152,0.0028034,0.002577,0.000773152,0.00475825,0.00452087,0.000773152,0.00475825,0.00452087,0.000773152,0,1,0.000229618,0.000214833,0.000229735,0.00019656,0,0.000162904,0.0002,0.000162904,0.00019656,0.000175,0.00013955,1,1,1,1,1,1
283,quad,283,yz,0.00475825,-0.00452087,0.000323152,0.00475825,0.00452087,0.000773152,1,0.00904175,0.00045,8.0878e-05,0.000243256,0.0001,1,1,1
284,poly,284,xy,4,-0.0044415,0.0047546,0.000773152,-0.0044415,0.0047546,0.000773152,-0.0024698,0.0028735,0.000773152,-0.0024698,0.0028735,0.000773152,0.0024698,0.0028735,0.000773152,0.0024698,0.0028735,0.000773152,0.0044415,0.0047546,0.000773152,0.0044415,0.0047546,0.000773152,0,1,0.000272509,0.000205817,0.000272509,0.000193109,0,0.000183799,0.0002,0.000183999,0.000193109,0.000175,0.00013955,1,1,1,1,1,1
285,quad,285,xz,-0.0044415,0.0047546,0.000323152,0.0044415,0.0047546,0.000773152,1,0.00045,0.008883,8.01976e-05,0.000155817,0.0001,1,1,1
286,hexa,286,-0.00308374,-0.00316085,0.000323152,0.00308374,0.00316085,0.000423152,1,0.000192734,0.000197553,0.0001,0.000159883,0.000158883,0.000242656,0.000240656,3.6576e-05,0.000175,1,1,1,1,3.41754,1,0.0001,1.05788
287,hexa,287,-0.0028034,-0.0028735,0.000423152,0.0028034,0.0028735,0.000773152,1,0.000200243,0.00020525,0.000175,0.000195094,0.000193094,0.000124994,0.000122994,0.0001,0.00013955,1,1,1.29891,1.33629,1,1,0.000175,1
288,quad,288,xy,-0.0028034,-0.0028735,0.000773152,0.0028034,0.0028735,0.000773152,1,0.000200243,0.00020525,0.000175,0.00013955,0.000270994,1,1,1
289,quad,289,xy,-0.0028034,-0.0028735,0.000423152,0.0028034,0.0028735,0.000423152,1,0.000200243,0.00020525,0.0001,0.000175,0.000270994,1,1,1
290,hexa,290,-0.00703,-0.00703,-0.0012,0.00703,0.00703,-0.0004,1,0.01406,0.01406,0.0008,0,0,0,0,0,0.000175,1,1,1,1,1,1,0.000177244,1
291,quad,291,xy,-0.00703,-0.00703,-0.0012,0.00703,0.00703,-0.0012,1,0.01406,0.01406,0,0.000170498,0.000177244,1,1,1
292,quad,292,xy,-0.00703,-0.00703,0.00175,0.00703,0.00703,0.00175,1,0.000195278,0.00019,0.00013955,0,0.000427494,1,1,1
