kind,name,creation_order,shape_type,center,size,props
domain,cabinet.1,1,shape_hexa,"[6.095999804928, 1.828799941478, 4.571999853696]","[12.191999609856, 3.657599882957, 9.143999707392]",grid_priority=0.0
plate,raisedfloor,2,shape_quad,"[6.095999804928, 0.45719998537, 4.571999853696]","[12.191999609856, 0.0, 9.143999707392]",grid_priority=102.0
block,CRACunit,3,shape_hexa,"[0.304799990246, 1.371599956109, 3.047999902464]","[0.609599980493, 1.828799941478, 1.219199960986]",block_type=hollow grid_priority=2.0
block,CRACunit.1,3,shape_hexa,"[0.304799990246, 1.371599956109, 6.095999804928]","[0.609599980493, 1.828799941478, 1.219199960986]",block_type=hollow grid_priority=3.0
fan,CRAC_intake.1,4,shape_quad,"[0.304799990246, 0.45719998537, 6.095999804928]","[0.609599980493, 0.0, 1.219199960986]",grid_priority=113.0
fan,CRAC_intake,4,shape_quad,"[0.304799990246, 0.45719998537, 3.047999902464]","[0.609599980493, 0.0, 1.219199960986]",grid_priority=112.0
fan,CRAC_exhaust,5,shape_quad,"[0.304799990246, 2.285999926848, 3.047999902464]","[0.609599980493, 0.0, 1.219199960986]",grid_priority=114.0
fan,CRAC_exhaust.1,5,shape_quad,"[0.304799990246, 2.285999926848, 6.095999804928]","[0.609599980493, 0.0, 1.219199960986]",grid_priority=115.0
block,rack,6,shape_hexa,"[2.895599907341, 1.523999951232, 1.523999951232]","[0.914399970739, 2.133599931725, 0.609599980493]",block_type=hollow grid_priority=4.0
block,rack.11,6,shape_hexa,"[5.029200039066, 1.523999901232, 7.619999803696]","[0.9144, 2.1335999, 0.6095999]",block_type=hollow grid_priority=5.0
opening,rack-opns.11,7,shape_quad,"[4.572000033372, 1.523999951232, 7.619999780661]","[0.0, 2.133599931725, 0.609599980493]",grid_priority=117.0
opening,rack-opns,7,shape_quad,"[3.35279989271, 1.523999951232, 1.523999951232]","[0.0, 2.133599931725, 0.609599980493]",grid_priority=116.0
block,rack.1,8,shape_hexa,"[2.895599907341, 1.523999951232, 2.133599931725]","[0.914399970739, 2.133599931725, 0.609599980493]",block_type=hollow grid_priority=6.0
block,rack.1.1,8,shape_hexa,"[5.029199939066, 1.523999901232, 7.010399803696]","[0.9144, 2.1335999, 0.6095999]",block_type=hollow grid_priority=7.0
opening,rack-opns.1,9,shape_quad,"[3.35279989271, 1.523999951232, 2.133599931725]","[0.0, 2.133599931725, 0.609599980493]",grid_priority=118.0
opening,rack-opns.1.1,9,shape_quad,"[4.572000000704, 1.523999951232, 7.010399800168]","[0.0, 2.133599931725, 0.609599980493]",grid_priority=119.0
block,rack.2.1,10,shape_hexa,"[5.029199939066, 1.523999901232, 6.400799803696]","[0.9144, 2.1335999, 0.6095999]",block_type=hollow grid_priority=9.0
block,rack.2,10,shape_hexa,"[2.895599907341, 1.523999951232, 2.743199912218]","[0.914399970739, 2.133599931725, 0.609599980493]",block_type=hollow grid_priority=8.0
opening,rack-opns.2,11,shape_quad,"[3.35279989271, 1.523999951232, 2.743199912218]","[0.0, 2.133599931725, 0.609599980493]",grid_priority=120.0
opening,rack-opns.2.1,11,shape_quad,"[4.571999968035, 1.523999951232, 6.400799819676]","[0.0, 2.133599931725, 0.609599980493]",grid_priority=121.0
block,rack.3,12,shape_hexa,"[2.895599907341, 1.523999951232, 3.35279989271]","[0.914399970739, 2.133599931725, 0.609599980493]",block_type=hollow grid_priority=10.0
block,rack.3.1,12,shape_hexa,"[5.029199939066, 1.523999901232, 5.791199803696]","[0.9144, 2.1335999, 0.6095999]",block_type=hollow grid_priority=11.0
opening,rack-opns.3.1,13,shape_quad,"[4.571999935367, 1.523999951232, 5.791199839183]","[0.0, 2.133599931725, 0.609599980493]",grid_priority=123.0
opening,rack-opns.3,13,shape_quad,"[3.35279989271, 1.523999951232, 3.35279989271]","[0.0, 2.133599931725, 0.609599980493]",grid_priority=122.0
block,rack.4,14,shape_hexa,"[2.895599907341, 1.523999951232, 3.962399873203]","[0.914399970739, 2.133599931725, 0.609599980493]",block_type=hollow grid_priority=12.0
block,rack.4.1,14,shape_hexa,"[5.029199839066, 1.523999901232, 5.181599803696]","[0.9144, 2.1335999, 0.6095999]",block_type=hollow grid_priority=13.0
opening,rack-opns.4.1,15,shape_quad,"[4.571999902699, 1.523999951232, 5.18159985869]","[0.0, 2.133599931725, 0.609599980493]",grid_priority=125.0
opening,rack-opns.4,15,shape_quad,"[3.35279989271, 1.523999951232, 3.962399873203]","[0.0, 2.133599931725, 0.609599980493]",grid_priority=124.0
block,rack.5,16,shape_hexa,"[2.895599907341, 1.523999951232, 4.571999853696]","[0.914399970739, 2.133599931725, 0.609599980493]",block_type=hollow grid_priority=14.0
block,rack.5.1,16,shape_hexa,"[5.029199839066, 1.523999901232, 4.571999903696]","[0.9144, 2.1335999, 0.6095999]",block_type=hollow grid_priority=15.0
opening,rack-opns.5,17,shape_quad,"[3.35279989271, 1.523999951232, 4.571999853696]","[0.0, 2.133599931725, 0.609599980493]",grid_priority=126.0
opening,rack-opns.5.1,17,shape_quad,"[4.57199987003, 1.523999951232, 4.571999878197]","[0.0, 2.133599931725, 0.609599980493]",grid_priority=127.0
block,rack.6.1,18,shape_hexa,"[5.029199839066, 1.523999901232, 3.962399903696]","[0.9144, 2.1335999, 0.6095999]",block_type=hollow grid_priority=17.0
block,rack.6,18,shape_hexa,"[2.895599907341, 1.523999951232, 5.181599834189]","[0.914399970739, 2.133599931725, 0.609599980493]",block_type=hollow grid_priority=16.0
opening,rack-opns.6.1,19,shape_quad,"[4.571999837362, 1.523999951232, 3.962399897704]","[0.0, 2.133599931725, 0.609599980493]",grid_priority=129.0
opening,rack-opns.6,19,shape_quad,"[3.35279989271, 1.523999951232, 5.181599834189]","[0.0, 2.133599931725, 0.609599980493]",grid_priority=128.0
block,rack.7,20,shape_hexa,"[2.895599907341, 1.523999951232, 5.791199814682]","[0.914399970739, 2.133599931725, 0.609599980493]",block_type=hollow grid_priority=18.0
block,rack.7.1,20,shape_hexa,"[5.029199739066, 1.523999901232, 3.352799903696]","[0.9144, 2.1335999, 0.6095999]",block_type=hollow grid_priority=19.0
opening,rack-opns.7,21,shape_quad,"[3.35279989271, 1.523999951232, 5.791199814682]","[0.0, 2.133599931725, 0.609599980493]",grid_priority=130.0
opening,rack-opns.7.1,21,shape_quad,"[4.571999804693, 1.523999951232, 3.352799917212]","[0.0, 2.133599931725, 0.609599980493]",grid_priority=131.0
block,rack.8.1,22,shape_hexa,"[5.029199739066, 1.523999901232, 2.743199903696]","[0.9144, 2.1335999, 0.6095999]",block_type=hollow grid_priority=21.0
block,rack.8,22,shape_hexa,"[2.895599907341, 1.523999951232, 6.400799795174]","[0.914399970739, 2.133599931725, 0.609599980493]",block_type=hollow grid_priority=20.0
opening,rack-opns.8.1,23,shape_quad,"[4.571999772025, 1.523999951232, 2.743199936719]","[0.0, 2.133599931725, 0.609599980493]",grid_priority=133.0
opening,rack-opns.8,23,shape_quad,"[3.35279989271, 1.523999951232, 6.400799795174]","[0.0, 2.133599931725, 0.609599980493]",grid_priority=132.0
block,rack.9.1,24,shape_hexa,"[5.029199739066, 1.523999901232, 2.133599903696]","[0.9144, 2.1335999, 0.6095999]",block_type=hollow grid_priority=23.0
block,rack.9,24,shape_hexa,"[2.895599907341, 1.523999951232, 7.010399775667]","[0.914399970739, 2.133599931725, 0.609599980493]",block_type=hollow grid_priority=22.0
opening,rack-opns.9.1,25,shape_quad,"[4.571999739357, 1.523999951232, 2.133599956226]","[0.0, 2.133599931725, 0.609599980493]",grid_priority=135.0
opening,rack-opns.9,25,shape_quad,"[3.35279989271, 1.523999951232, 7.010399775667]","[0.0, 2.133599931725, 0.609599980493]",grid_priority=134.0
block,rack.10,26,shape_hexa,"[2.895599907341, 1.523999951232, 7.61999975616]","[0.914399970739, 2.133599931725, 0.609599980493]",block_type=hollow grid_priority=24.0
block,rack.10.1,26,shape_hexa,"[5.029199639066, 1.523999901232, 1.524000003696]","[0.9144, 2.1335999, 0.6095999]",block_type=hollow grid_priority=25.0
opening,rack-opns.10,27,shape_quad,"[3.35279989271, 1.523999951232, 7.61999975616]","[0.0, 2.133599931725, 0.609599980493]",grid_priority=136.0
opening,rack-opns.10.1,27,shape_quad,"[4.571999706688, 1.523999951232, 1.523999975733]","[0.0, 2.133599931725, 0.609599980493]",grid_priority=137.0
block,hdrack.11,28,shape_hexa,"[9.296399902515, 1.523999901232, 7.619999803696]","[0.9144, 2.1335999, 0.6095999]",block_type=hollow grid_priority=27.0
block,hdrack,28,shape_hexa,"[7.16279977079, 1.523999951232, 1.523999951232]","[0.914399970739, 2.133599931725, 0.609599980493]",block_type=hollow grid_priority=26.0
opening,hdrack-opns.11,29,shape_quad,"[8.839199896821, 1.523999951232, 7.619999780661]","[0.0, 2.133599931725, 0.609599980493]",grid_priority=139.0
opening,hdrack-opns,29,shape_quad,"[7.61999975616, 1.523999951232, 1.523999951232]","[0.0, 2.133599931725, 0.609599980493]",grid_priority=138.0
block,hdrack.1.1,30,shape_hexa,"[9.296399802515, 1.523999901232, 7.010399803696]","[0.9144, 2.1335999, 0.6095999]",block_type=hollow grid_priority=29.0
block,hdrack.1,30,shape_hexa,"[7.16279977079, 1.523999951232, 2.133599931725]","[0.914399970739, 2.133599931725, 0.609599980493]",block_type=hollow grid_priority=28.0
opening,hdrack-opns.1.1,31,shape_quad,"[8.839199864153, 1.523999951232, 7.010399800168]","[0.0, 2.133599931725, 0.609599980493]",grid_priority=141.0
opening,hdrack-opns.1,31,shape_quad,"[7.61999975616, 1.523999951232, 2.133599931725]","[0.0, 2.133599931725, 0.609599980493]",grid_priority=140.0
block,hdrack.2,32,shape_hexa,"[7.16279977079, 1.523999951232, 2.743199912218]","[0.914399970739, 2.133599931725, 0.609599980493]",block_type=hollow grid_priority=30.0
block,hdrack.2.1,32,shape_hexa,"[9.296399802515, 1.523999901232, 6.400799803696]","[0.9144, 2.1335999, 0.6095999]",block_type=hollow grid_priority=31.0
opening,hdrack-opns.2.1,33,shape_quad,"[8.839199831485, 1.523999951232, 6.400799819676]","[0.0, 2.133599931725, 0.609599980493]",grid_priority=143.0
opening,hdrack-opns.2,33,shape_quad,"[7.61999975616, 1.523999951232, 2.743199912218]","[0.0, 2.133599931725, 0.609599980493]",grid_priority=142.0
block,hdrack.3.1,34,shape_hexa,"[9.296399802515, 1.523999901232, 5.791199803696]","[0.9144, 2.1335999, 0.6095999]",block_type=hollow grid_priority=33.0
block,hdrack.3,34,shape_hexa,"[7.16279977079, 1.523999951232, 3.35279989271]","[0.914399970739, 2.133599931725, 0.609599980493]",block_type=hollow grid_priority=32.0
opening,hdrack-opns.3,35,shape_quad,"[7.61999975616, 1.523999951232, 3.35279989271]","[0.0, 2.133599931725, 0.609599980493]",grid_priority=144.0
opening,hdrack-opns.3.1,35,shape_quad,"[8.839199798816, 1.523999951232, 5.791199839183]","[0.0, 2.133599931725, 0.609599980493]",grid_priority=145.0
block,hdrack.4,36,shape_hexa,"[7.16279977079, 1.523999951232, 3.962399873203]","[0.914399970739, 2.133599931725, 0.609599980493]",block_type=hollow grid_priority=34.0
block,hdrack.4.1,36,shape_hexa,"[9.296399702515, 1.523999901232, 5.181599803696]","[0.9144, 2.1335999, 0.6095999]",block_type=hollow grid_priority=35.0
opening,hdrack-opns.4,37,shape_quad,"[7.61999975616, 1.523999951232, 3.962399873203]","[0.0, 2.133599931725, 0.609599980493]",grid_priority=146.0
opening,hdrack-opns.4.1,37,shape_quad,"[8.839199766148, 1.523999951232, 5.18159985869]","[0.0, 2.133599931725, 0.609599980493]",grid_priority=147.0
block,hdrack.5,38,shape_hexa,"[7.16279977079, 1.523999951232, 4.571999853696]","[0.914399970739, 2.133599931725, 0.609599980493]",block_type=hollow grid_priority=36.0
block,hdrack.5.1,38,shape_hexa,"[9.296399702515, 1.523999901232, 4.571999903696]","[0.9144, 2.1335999, 0.6095999]",block_type=hollow grid_priority=37.0
opening,hdrack-opns.5.1,39,shape_quad,"[8.83919973348, 1.523999951232, 4.571999878197]","[0.0, 2.133599931725, 0.609599980493]",grid_priority=149.0
opening,hdrack-opns.5,39,shape_quad,"[7.61999975616, 1.523999951232, 4.571999853696]","[0.0, 2.133599931725, 0.609599980493]",grid_priority=148.0
block,hdrack.6.1,40,shape_hexa,"[9.296399702515, 1.523999901232, 3.962399903696]","[0.9144, 2.1335999, 0.6095999]",block_type=hollow grid_priority=39.0
block,hdrack.6,40,shape_hexa,"[7.16279977079, 1.523999951232, 5.181599834189]","[0.914399970739, 2.133599931725, 0.609599980493]",block_type=hollow grid_priority=38.0
opening,hdrack-opns.6.1,41,shape_quad,"[8.839199700811, 1.523999951232, 3.962399897704]","[0.0, 2.133599931725, 0.609599980493]",grid_priority=151.0
opening,hdrack-opns.6,41,shape_quad,"[7.61999975616, 1.523999951232, 5.181599834189]","[0.0, 2.133599931725, 0.609599980493]",grid_priority=150.0
block,hdrack.7,42,shape_hexa,"[7.16279977079, 1.523999951232, 5.791199814682]","[0.914399970739, 2.133599931725, 0.609599980493]",block_type=hollow grid_priority=40.0
block,hdrack.7.1,42,shape_hexa,"[9.296399602515, 1.523999901232, 3.352799903696]","[0.9144, 2.1335999, 0.6095999]",block_type=hollow grid_priority=41.0
opening,hdrack-opns.7,43,shape_quad,"[7.61999975616, 1.523999951232, 5.791199814682]","[0.0, 2.133599931725, 0.609599980493]",grid_priority=152.0
opening,hdrack-opns.7.1,43,shape_quad,"[8.839199668143, 1.523999951232, 3.352799917212]","[0.0, 2.133599931725, 0.609599980493]",grid_priority=153.0
block,hdrack.8,44,shape_hexa,"[7.16279977079, 1.523999951232, 6.400799795174]","[0.914399970739, 2.133599931725, 0.609599980493]",block_type=hollow grid_priority=42.0
block,hdrack.8.1,44,shape_hexa,"[9.296399602515, 1.523999901232, 2.743199903696]","[0.9144, 2.1335999, 0.6095999]",block_type=hollow grid_priority=43.0
opening,hdrack-opns.8,45,shape_quad,"[7.61999975616, 1.523999951232, 6.400799795174]","[0.0, 2.133599931725, 0.609599980493]",grid_priority=154.0
opening,hdrack-opns.8.1,45,shape_quad,"[8.839199635475, 1.523999951232, 2.743199936719]","[0.0, 2.133599931725, 0.609599980493]",grid_priority=155.0
block,hdrack.9,46,shape_hexa,"[7.16279977079, 1.523999951232, 7.010399775667]","[0.914399970739, 2.133599931725, 0.609599980493]",block_type=hollow grid_priority=44.0
block,hdrack.9.1,46,shape_hexa,"[9.296399602515, 1.523999901232, 2.133599903696]","[0.9144, 2.1335999, 0.6095999]",block_type=hollow grid_priority=45.0
opening,hdrack-opns.9,47,shape_quad,"[7.61999975616, 1.523999951232, 7.010399775667]","[0.0, 2.133599931725, 0.609599980493]",grid_priority=156.0
opening,hdrack-opns.9.1,47,shape_quad,"[8.839199602806, 1.523999951232, 2.133599956226]","[0.0, 2.133599931725, 0.609599980493]",grid_priority=157.0
block,hdrack.10.1,48,shape_hexa,"[9.296399502515, 1.523999901232, 1.524000003696]","[0.9144, 2.1335999, 0.6095999]",block_type=hollow grid_priority=47.0
block,hdrack.10,48,shape_hexa,"[7.16279977079, 1.523999951232, 7.61999975616]","[0.914399970739, 2.133599931725, 0.609599980493]",block_type=hollow grid_priority=46.0
opening,hdrack-opns.10.1,49,shape_quad,"[8.839199570138, 1.523999951232, 1.523999975733]","[0.0, 2.133599931725, 0.609599980493]",grid_priority=159.0
opening,hdrack-opns.10,49,shape_quad,"[7.61999975616, 1.523999951232, 7.61999975616]","[0.0, 2.133599931725, 0.609599980493]",grid_priority=158.0
resistance,tile.11.1,50,shape_hexa,"[8.534399726899, 0.43814998537, 1.523999951232]","[0.609599980493, 0.0381, 0.609599980493]",grid_priority=50.0
resistance,tile.12,50,shape_hexa,"[7.924799746406, 0.43814998537, 1.523999951232]","[0.609599980493, 0.0381, 0.609599980493]",grid_priority=51.0
resistance,tile,50,shape_hexa,"[3.657599882957, 0.43814998537, 1.523999951232]","[0.609599980493, 0.0381, 0.609599980493]",grid_priority=48.0
resistance,tile.11,50,shape_hexa,"[4.26719986345, 0.43814998537, 1.523999951232]","[0.609599980493, 0.0381, 0.609599980493]",grid_priority=49.0
opening,tile_open_top.11,51,shape_quad,"[4.26719986345, 0.45719998537, 1.523999951232]","[0.609599980493, 0.0, 0.609599980493]",grid_priority=161.0
opening,tile_open_top,51,shape_quad,"[3.657599882957, 0.45719998537, 1.523999951232]","[0.609599980493, 0.0, 0.609599980493]",grid_priority=160.0
opening,tile_open_top.12,51,shape_quad,"[7.924799746406, 0.45719998537, 1.523999951232]","[0.609599980493, 0.0, 0.609599980493]",grid_priority=163.0
opening,tile_open_top.11.1,51,shape_quad,"[8.534399726899, 0.45719998537, 1.523999951232]","[0.609599980493, 0.0, 0.609599980493]",grid_priority=162.0
opening,tile_open_bottom.11.1,52,shape_quad,"[8.534399726899, 0.41909998537, 1.523999951232]","[0.609599980493, 0.0, 0.609599980493]",grid_priority=166.0
opening,tile_open_bottom,52,shape_quad,"[3.657599882957, 0.41909998537, 1.523999951232]","[0.609599980493, 0.0, 0.609599980493]",grid_priority=164.0
opening,tile_open_bottom.12,52,shape_quad,"[7.924799746406, 0.41909998537, 1.523999951232]","[0.609599980493, 0.0, 0.609599980493]",grid_priority=167.0
opening,tile_open_bottom.11,52,shape_quad,"[4.26719986345, 0.41909998537, 1.523999951232]","[0.609599980493, 0.0, 0.609599980493]",grid_priority=165.0
resistance,tile.1,53,shape_hexa,"[3.657599882957, 0.43814998537, 2.133599931725]","[0.609599980493, 0.0381, 0.609599980493]",grid_priority=52.0
resistance,tile.1.2,53,shape_hexa,"[7.924799746406, 0.43814998537, 2.133599931725]","[0.609599980493, 0.0381, 0.609599980493]",grid_priority=55.0
resistance,tile.1.1,53,shape_hexa,"[4.26719986345, 0.43814998537, 2.133599931725]","[0.609599980493, 0.0381, 0.609599980493]",grid_priority=53.0
resistance,tile.1.1.1,53,shape_hexa,"[8.534399726899, 0.43814998537, 2.133599931725]","[0.609599980493, 0.0381, 0.609599980493]",grid_priority=54.0
opening,tile_open_top.1.1,54,shape_quad,"[4.26719986345, 0.45719998537, 2.133599931725]","[0.609599980493, 0.0, 0.609599980493]",grid_priority=169.0
opening,tile_open_top.1.2,54,shape_quad,"[7.924799746406, 0.45719998537, 2.133599931725]","[0.609599980493, 0.0, 0.609599980493]",grid_priority=171.0
opening,tile_open_top.1.1.1,54,shape_quad,"[8.534399726899, 0.45719998537, 2.133599931725]","[0.609599980493, 0.0, 0.609599980493]",grid_priority=170.0
opening,tile_open_top.1,54,shape_quad,"[3.657599882957, 0.45719998537, 2.133599931725]","[0.609599980493, 0.0, 0.609599980493]",grid_priority=168.0
opening,tile_open_bottom.1.1.1,55,shape_quad,"[8.534399726899, 0.41909998537, 2.133599931725]","[0.609599980493, 0.0, 0.609599980493]",grid_priority=174.0
opening,tile_open_bottom.1.2,55,shape_quad,"[7.924799746406, 0.41909998537, 2.133599931725]","[0.609599980493, 0.0, 0.609599980493]",grid_priority=175.0
opening,tile_open_bottom.1,55,shape_quad,"[3.657599882957, 0.41909998537, 2.133599931725]","[0.609599980493, 0.0, 0.609599980493]",grid_priority=172.0
opening,tile_open_bottom.1.1,55,shape_quad,"[4.26719986345, 0.41909998537, 2.133599931725]","[0.609599980493, 0.0, 0.609599980493]",grid_priority=173.0
resistance,tile.2.1.1,56,shape_hexa,"[8.534399726899, 0.43814998537, 2.743199912218]","[0.609599980493, 0.0381, 0.609599980493]",grid_priority=58.0
resistance,tile.2.2,56,shape_hexa,"[7.924799746406, 0.43814998537, 2.743199912218]","[0.609599980493, 0.0381, 0.609599980493]",grid_priority=59.0
resistance,tile.2.1,56,shape_hexa,"[4.26719986345, 0.43814998537, 2.743199912218]","[0.609599980493, 0.0381, 0.609599980493]",grid_priority=57.0
resistance,tile.2,56,shape_hexa,"[3.657599882957, 0.43814998537, 2.743199912218]","[0.609599980493, 0.0381, 0.609599980493]",grid_priority=56.0
opening,tile_open_top.2.1,57,shape_quad,"[4.26719986345, 0.45719998537, 2.743199912218]","[0.609599980493, 0.0, 0.609599980493]",grid_priority=177.0
opening,tile_open_top.2.2,57,shape_quad,"[7.924799746406, 0.45719998537, 2.743199912218]","[0.609599980493, 0.0, 0.609599980493]",grid_priority=179.0
opening,tile_open_top.2,57,shape_quad,"[3.657599882957, 0.45719998537, 2.743199912218]","[0.609599980493, 0.0, 0.609599980493]",grid_priority=176.0
opening,tile_open_top.2.1.1,57,shape_quad,"[8.534399726899, 0.45719998537, 2.743199912218]","[0.609599980493, 0.0, 0.609599980493]",grid_priority=178.0
opening,tile_open_bottom.2,58,shape_quad,"[3.657599882957, 0.41909998537, 2.743199912218]","[0.609599980493, 0.0, 0.609599980493]",grid_priority=180.0
opening,tile_open_bottom.2.2,58,shape_quad,"[7.924799746406, 0.41909998537, 2.743199912218]","[0.609599980493, 0.0, 0.609599980493]",grid_priority=183.0
opening,tile_open_bottom.2.1.1,58,shape_quad,"[8.534399726899, 0.41909998537, 2.743199912218]","[0.609599980493, 0.0, 0.609599980493]",grid_priority=182.0
opening,tile_open_bottom.2.1,58,shape_quad,"[4.26719986345, 0.41909998537, 2.743199912218]","[0.609599980493, 0.0, 0.609599980493]",grid_priority=181.0
resistance,tile.3,59,shape_hexa,"[3.657599882957, 0.43814998537, 3.35279989271]","[0.609599980493, 0.0381, 0.609599980493]",grid_priority=60.0
resistance,tile.3.2,59,shape_hexa,"[7.924799746406, 0.43814998537, 3.35279989271]","[0.609599980493, 0.0381, 0.609599980493]",grid_priority=63.0
resistance,tile.3.1,59,shape_hexa,"[4.26719986345, 0.43814998537, 3.35279989271]","[0.609599980493, 0.0381, 0.609599980493]",grid_priority=61.0
resistance,tile.3.1.1,59,shape_hexa,"[8.534399726899, 0.43814998537, 3.35279989271]","[0.609599980493, 0.0381, 0.609599980493]",grid_priority=62.0
opening,tile_open_top.3.2,60,shape_quad,"[7.924799746406, 0.45719998537, 3.35279989271]","[0.609599980493, 0.0, 0.609599980493]",grid_priority=187.0
opening,tile_open_top.3,60,shape_quad,"[3.657599882957, 0.45719998537, 3.35279989271]","[0.609599980493, 0.0, 0.609599980493]",grid_priority=184.0
opening,tile_open_top.3.1.1,60,shape_quad,"[8.534399726899, 0.45719998537, 3.35279989271]","[0.609599980493, 0.0, 0.609599980493]",grid_priority=186.0
opening,tile_open_top.3.1,60,shape_quad,"[4.26719986345, 0.45719998537, 3.35279989271]","[0.609599980493, 0.0, 0.609599980493]",grid_priority=185.0
opening,tile_open_bottom.3,61,shape_quad,"[3.657599882957, 0.41909998537, 3.35279989271]","[0.609599980493, 0.0, 0.609599980493]",grid_priority=188.0
opening,tile_open_bottom.3.1,61,shape_quad,"[4.26719986345, 0.41909998537, 3.35279989271]","[0.609599980493, 0.0, 0.609599980493]",grid_priority=189.0
opening,tile_open_bottom.3.2,61,shape_quad,"[7.924799746406, 0.41909998537, 3.35279989271]","[0.609599980493, 0.0, 0.609599980493]",grid_priority=191.0
opening,tile_open_bottom.3.1.1,61,shape_quad,"[8.534399726899, 0.41909998537, 3.35279989271]","[0.609599980493, 0.0, 0.609599980493]",grid_priority=190.0
resistance,tile.4,62,shape_hexa,"[3.657599882957, 0.43814998537, 3.962399873203]","[0.609599980493, 0.0381, 0.609599980493]",grid_priority=64.0
resistance,tile.4.1.1,62,shape_hexa,"[8.534399726899, 0.43814998537, 3.962399873203]","[0.609599980493, 0.0381, 0.609599980493]",grid_priority=66.0
resistance,tile.4.2,62,shape_hexa,"[7.924799746406, 0.43814998537, 3.962399873203]","[0.609599980493, 0.0381, 0.609599980493]",grid_priority=67.0
resistance,tile.4.1,62,shape_hexa,"[4.26719986345, 0.43814998537, 3.962399873203]","[0.609599980493, 0.0381, 0.609599980493]",grid_priority=65.0
opening,tile_open_top.4.1,63,shape_quad,"[4.26719986345, 0.45719998537, 3.962399873203]","[0.609599980493, 0.0, 0.609599980493]",grid_priority=193.0
opening,tile_open_top.4.2,63,shape_quad,"[7.924799746406, 0.45719998537, 3.962399873203]","[0.609599980493, 0.0, 0.609599980493]",grid_priority=195.0
opening,tile_open_top.4.1.1,63,shape_quad,"[8.534399726899, 0.45719998537, 3.962399873203]","[0.609599980493, 0.0, 0.609599980493]",grid_priority=194.0
opening,tile_open_top.4,63,shape_quad,"[3.657599882957, 0.45719998537, 3.962399873203]","[0.609599980493, 0.0, 0.609599980493]",grid_priority=192.0
opening,tile_open_bottom.4.2,64,shape_quad,"[7.924799746406, 0.41909998537, 3.962399873203]","[0.609599980493, 0.0, 0.609599980493]",grid_priority=199.0
opening,tile_open_bottom.4.1,64,shape_quad,"[4.26719986345, 0.41909998537, 3.962399873203]","[0.609599980493, 0.0, 0.609599980493]",grid_priority=197.0
opening,tile_open_bottom.4.1.1,64,shape_quad,"[8.534399726899, 0.41909998537, 3.962399873203]","[0.609599980493, 0.0, 0.609599980493]",grid_priority=198.0
opening,tile_open_bottom.4,64,shape_quad,"[3.657599882957, 0.41909998537, 3.962399873203]","[0.609599980493, 0.0, 0.609599980493]",grid_priority=196.0
resistance,tile.5.1.1,65,shape_hexa,"[8.534399726899, 0.43814998537, 4.571999853696]","[0.609599980493, 0.0381, 0.609599980493]",grid_priority=70.0
resistance,tile.5.1,65,shape_hexa,"[4.26719986345, 0.43814998537, 4.571999853696]","[0.609599980493, 0.0381, 0.609599980493]",grid_priority=69.0
resistance,tile.5.2,65,shape_hexa,"[7.924799746406, 0.43814998537, 4.571999853696]","[0.609599980493, 0.0381, 0.609599980493]",grid_priority=71.0
resistance,tile.5,65,shape_hexa,"[3.657599882957, 0.43814998537, 4.571999853696]","[0.609599980493, 0.0381, 0.609599980493]",grid_priority=68.0
opening,tile_open_top.5.1.1,66,shape_quad,"[8.534399726899, 0.45719998537, 4.571999853696]","[0.609599980493, 0.0, 0.609599980493]",grid_priority=202.0
opening,tile_open_top.5.2,66,shape_quad,"[7.924799746406, 0.45719998537, 4.571999853696]","[0.609599980493, 0.0, 0.609599980493]",grid_priority=203.0
opening,tile_open_top.5.1,66,shape_quad,"[4.26719986345, 0.45719998537, 4.571999853696]","[0.609599980493, 0.0, 0.609599980493]",grid_priority=201.0
opening,tile_open_top.5,66,shape_quad,"[3.657599882957, 0.45719998537, 4.571999853696]","[0.609599980493, 0.0, 0.609599980493]",grid_priority=200.0
opening,tile_open_bottom.5.2,67,shape_quad,"[7.924799746406, 0.41909998537, 4.571999853696]","[0.609599980493, 0.0, 0.609599980493]",grid_priority=207.0
opening,tile_open_bottom.5.1,67,shape_quad,"[4.26719986345, 0.41909998537, 4.571999853696]","[0.609599980493, 0.0, 0.609599980493]",grid_priority=205.0
opening,tile_open_bottom.5,67,shape_quad,"[3.657599882957, 0.41909998537, 4.571999853696]","[0.609599980493, 0.0, 0.609599980493]",grid_priority=204.0
opening,tile_open_bottom.5.1.1,67,shape_quad,"[8.534399726899, 0.41909998537, 4.571999853696]","[0.609599980493, 0.0, 0.609599980493]",grid_priority=206.0
resistance,tile.6.2,68,shape_hexa,"[7.924799746406, 0.43814998537, 5.181599834189]","[0.609599980493, 0.0381, 0.609599980493]",grid_priority=75.0
resistance,tile.6,68,shape_hexa,"[3.657599882957, 0.43814998537, 5.181599834189]","[0.609599980493, 0.0381, 0.609599980493]",grid_priority=72.0
resistance,tile.6.1,68,shape_hexa,"[4.26719986345, 0.43814998537, 5.181599834189]","[0.609599980493, 0.0381, 0.609599980493]",grid_priority=73.0
resistance,tile.6.1.1,68,shape_hexa,"[8.534399726899, 0.43814998537, 5.181599834189]","[0.609599980493, 0.0381, 0.609599980493]",grid_priority=74.0
opening,tile_open_top.6.1,69,shape_quad,"[4.26719986345, 0.45719998537, 5.181599834189]","[0.609599980493, 0.0, 0.609599980493]",grid_priority=209.0
opening,tile_open_top.6.1.1,69,shape_quad,"[8.534399726899, 0.45719998537, 5.181599834189]","[0.609599980493, 0.0, 0.609599980493]",grid_priority=210.0
opening,tile_open_top.6.2,69,shape_quad,"[7.924799746406, 0.45719998537, 5.181599834189]","[0.609599980493, 0.0, 0.609599980493]",grid_priority=211.0
opening,tile_open_top.6,69,shape_quad,"[3.657599882957, 0.45719998537, 5.181599834189]","[0.609599980493, 0.0, 0.609599980493]",grid_priority=208.0
opening,tile_open_bottom.6.1,70,shape_quad,"[4.26719986345, 0.41909998537, 5.181599834189]","[0.609599980493, 0.0, 0.609599980493]",grid_priority=213.0
opening,tile_open_bottom.6.1.1,70,shape_quad,"[8.534399726899, 0.41909998537, 5.181599834189]","[0.609599980493, 0.0, 0.609599980493]",grid_priority=214.0
opening,tile_open_bottom.6,70,shape_quad,"[3.657599882957, 0.41909998537, 5.181599834189]","[0.609599980493, 0.0, 0.609599980493]",grid_priority=212.0
opening,tile_open_bottom.6.2,70,shape_quad,"[7.924799746406, 0.41909998537, 5.181599834189]","[0.609599980493, 0.0, 0.609599980493]",grid_priority=215.0
resistance,tile.7.2,71,shape_hexa,"[7.924799746406, 0.43814998537, 5.791199814682]","[0.609599980493, 0.0381, 0.609599980493]",grid_priority=79.0
resistance,tile.7.1,71,shape_hexa,"[4.26719986345, 0.43814998537, 5.791199814682]","[0.609599980493, 0.0381, 0.609599980493]",grid_priority=77.0
resistance,tile.7.1.1,71,shape_hexa,"[8.534399726899, 0.43814998537, 5.791199814682]","[0.609599980493, 0.0381, 0.609599980493]",grid_priority=78.0
resistance,tile.7,71,shape_hexa,"[3.657599882957, 0.43814998537, 5.791199814682]","[0.609599980493, 0.0381, 0.609599980493]",grid_priority=76.0
opening,tile_open_top.7.1.1,72,shape_quad,"[8.534399726899, 0.45719998537, 5.791199814682]","[0.609599980493, 0.0, 0.609599980493]",grid_priority=218.0
opening,tile_open_top.7,72,shape_quad,"[3.657599882957, 0.45719998537, 5.791199814682]","[0.609599980493, 0.0, 0.609599980493]",grid_priority=216.0
opening,tile_open_top.7.2,72,shape_quad,"[7.924799746406, 0.45719998537, 5.791199814682]","[0.609599980493, 0.0, 0.609599980493]",grid_priority=219.0
opening,tile_open_top.7.1,72,shape_quad,"[4.26719986345, 0.45719998537, 5.791199814682]","[0.609599980493, 0.0, 0.609599980493]",grid_priority=217.0
opening,tile_open_bottom.7.2,73,shape_quad,"[7.924799746406, 0.41909998537, 5.791199814682]","[0.609599980493, 0.0, 0.609599980493]",grid_priority=223.0
opening,tile_open_bottom.7.1,73,shape_quad,"[4.26719986345, 0.41909998537, 5.791199814682]","[0.609599980493, 0.0, 0.609599980493]",grid_priority=221.0
opening,tile_open_bottom.7,73,shape_quad,"[3.657599882957, 0.41909998537, 5.791199814682]","[0.609599980493, 0.0, 0.609599980493]",grid_priority=220.0
opening,tile_open_bottom.7.1.1,73,shape_quad,"[8.534399726899, 0.41909998537, 5.791199814682]","[0.609599980493, 0.0, 0.609599980493]",grid_priority=222.0
resistance,tile.8.1,74,shape_hexa,"[4.26719986345, 0.43814998537, 6.400799795174]","[0.609599980493, 0.0381, 0.609599980493]",grid_priority=81.0
resistance,tile.8.1.1,74,shape_hexa,"[8.534399726899, 0.43814998537, 6.400799795174]","[0.609599980493, 0.0381, 0.609599980493]",grid_priority=82.0
resistance,tile.8,74,shape_hexa,"[3.657599882957, 0.43814998537, 6.400799795174]","[0.609599980493, 0.0381, 0.609599980493]",grid_priority=80.0
resistance,tile.8.2,74,shape_hexa,"[7.924799746406, 0.43814998537, 6.400799795174]","[0.609599980493, 0.0381, 0.609599980493]",grid_priority=83.0
opening,tile_open_top.8,75,shape_quad,"[3.657599882957, 0.45719998537, 6.400799795174]","[0.609599980493, 0.0, 0.609599980493]",grid_priority=224.0
opening,tile_open_top.8.1,75,shape_quad,"[4.26719986345, 0.45719998537, 6.400799795174]","[0.609599980493, 0.0, 0.609599980493]",grid_priority=225.0
opening,tile_open_top.8.2,75,shape_quad,"[7.924799746406, 0.45719998537, 6.400799795174]","[0.609599980493, 0.0, 0.609599980493]",grid_priority=227.0
opening,tile_open_top.8.1.1,75,shape_quad,"[8.534399726899, 0.45719998537, 6.400799795174]","[0.609599980493, 0.0, 0.609599980493]",grid_priority=226.0
opening,tile_open_bottom.8.1.1,76,shape_quad,"[8.534399726899, 0.41909998537, 6.400799795174]","[0.609599980493, 0.0, 0.609599980493]",grid_priority=230.0
opening,tile_open_bottom.8.2,76,shape_quad,"[7.924799746406, 0.41909998537, 6.400799795174]","[0.609599980493, 0.0, 0.609599980493]",grid_priority=231.0
opening,tile_open_bottom.8,76,shape_quad,"[3.657599882957, 0.41909998537, 6.400799795174]","[0.609599980493, 0.0, 0.609599980493]",grid_priority=228.0
opening,tile_open_bottom.8.1,76,shape_quad,"[4.26719986345, 0.41909998537, 6.400799795174]","[0.609599980493, 0.0, 0.609599980493]",grid_priority=229.0
resistance,tile.9.1.1,77,shape_hexa,"[8.534399726899, 0.43814998537, 7.010399775667]","[0.609599980493, 0.0381, 0.609599980493]",grid_priority=86.0
resistance,tile.9.2,77,shape_hexa,"[7.924799746406, 0.43814998537, 7.010399775667]","[0.609599980493, 0.0381, 0.609599980493]",grid_priority=87.0
resistance,tile.9.1,77,shape_hexa,"[4.26719986345, 0.43814998537, 7.010399775667]","[0.609599980493, 0.0381, 0.609599980493]",grid_priority=85.0
resistance,tile.9,77,shape_hexa,"[3.657599882957, 0.43814998537, 7.010399775667]","[0.609599980493, 0.0381, 0.609599980493]",grid_priority=84.0
opening,tile_open_top.9.2,78,shape_quad,"[7.924799746406, 0.45719998537, 7.010399775667]","[0.609599980493, 0.0, 0.609599980493]",grid_priority=235.0
opening,tile_open_top.9.1,78,shape_quad,"[4.26719986345, 0.45719998537, 7.010399775667]","[0.609599980493, 0.0, 0.609599980493]",grid_priority=233.0
opening,tile_open_top.9,78,shape_quad,"[3.657599882957, 0.45719998537, 7.010399775667]","[0.609599980493, 0.0, 0.609599980493]",grid_priority=232.0
opening,tile_open_top.9.1.1,78,shape_quad,"[8.534399726899, 0.45719998537, 7.010399775667]","[0.609599980493, 0.0, 0.609599980493]",grid_priority=234.0
opening,tile_open_bottom.9.2,79,shape_quad,"[7.924799746406, 0.41909998537, 7.010399775667]","[0.609599980493, 0.0, 0.609599980493]",grid_priority=239.0
opening,tile_open_bottom.9.1,79,shape_quad,"[4.26719986345, 0.41909998537, 7.010399775667]","[0.609599980493, 0.0, 0.609599980493]",grid_priority=237.0
opening,tile_open_bottom.9,79,shape_quad,"[3.657599882957, 0.41909998537, 7.010399775667]","[0.609599980493, 0.0, 0.609599980493]",grid_priority=236.0
opening,tile_open_bottom.9.1.1,79,shape_quad,"[8.534399726899, 0.41909998537, 7.010399775667]","[0.609599980493, 0.0, 0.609599980493]",grid_priority=238.0
resistance,tile.10.2,80,shape_hexa,"[7.924799746406, 0.43814998537, 7.61999975616]","[0.609599980493, 0.0381, 0.609599980493]",grid_priority=91.0
resistance,tile.10.1,80,shape_hexa,"[4.26719986345, 0.43814998537, 7.61999975616]","[0.609599980493, 0.0381, 0.609599980493]",grid_priority=89.0
resistance,tile.10.1.1,80,shape_hexa,"[8.534399726899, 0.43814998537, 7.61999975616]","[0.609599980493, 0.0381, 0.609599980493]",grid_priority=90.0
resistance,tile.10,80,shape_hexa,"[3.657599882957, 0.43814998537, 7.61999975616]","[0.609599980493, 0.0381, 0.609599980493]",grid_priority=88.0
opening,tile_open_top.10.1.1,81,shape_quad,"[8.534399726899, 0.45719998537, 7.61999975616]","[0.609599980493, 0.0, 0.609599980493]",grid_priority=242.0
opening,tile_open_top.10,81,shape_quad,"[3.657599882957, 0.45719998537, 7.61999975616]","[0.609599980493, 0.0, 0.609599980493]",grid_priority=240.0
opening,tile_open_top.10.2,81,shape_quad,"[7.924799746406, 0.45719998537, 7.61999975616]","[0.609599980493, 0.0, 0.609599980493]",grid_priority=243.0
opening,tile_open_top.10.1,81,shape_quad,"[4.26719986345, 0.45719998537, 7.61999975616]","[0.609599980493, 0.0, 0.609599980493]",grid_priority=241.0
opening,tile_open_bottom.10.1.1,82,shape_quad,"[8.534399726899, 0.41909998537, 7.61999975616]","[0.609599980493, 0.0, 0.609599980493]",grid_priority=246.0
opening,tile_open_bottom.10,82,shape_quad,"[3.657599882957, 0.41909998537, 7.61999975616]","[0.609599980493, 0.0, 0.609599980493]",grid_priority=244.0
opening,tile_open_bottom.10.1,82,shape_quad,"[4.26719986345, 0.41909998537, 7.61999975616]","[0.609599980493, 0.0, 0.609599980493]",grid_priority=245.0
opening,tile_open_bottom.10.2,82,shape_quad,"[7.924799746406, 0.41909998537, 7.61999975616]","[0.609599980493, 0.0, 0.609599980493]",grid_priority=247.0
plate,ceilingplenum,83,shape_quad,"[6.095999804928, 3.047999902464, 4.571999853696]","[12.191999609856, 0.0, 9.143999707392]",grid_priority=103.0
ventres,ceiling-return,84,shape_quad,"[10.363199668377, 3.047999902464, 1.828799941478]","[0.609599980493, 0.0, 1.219199960986]",grid_priority=248.0
ventres,ceiling-return.1,84,shape_quad,"[10.363199668377, 3.047999902464, 4.571999853696]","[0.609599980493, 0.0, 1.219199960986]",grid_priority=249.0
ventres,ceiling-return.1.1,84,shape_quad,"[6.095999804928, 3.047999902464, 4.571999853696]","[0.609599980493, 0.0, 1.219199960986]",grid_priority=250.0
ventres,ceiling-return.2.1,84,shape_quad,"[6.095999804928, 3.047999902464, 7.315199765914]","[0.609599980493, 0.0, 1.219199960986]",grid_priority=252.0
ventres,ceiling-return.3,84,shape_quad,"[6.095999804928, 3.047999902464, 1.828799941478]","[0.609599980493, 0.0, 1.219199960986]",grid_priority=253.0
ventres,ceiling-return.2,84,shape_quad,"[10.363199668377, 3.047999902464, 7.315199765914]","[0.609599980493, 0.0, 1.219199960986]",grid_priority=251.0
ventres,ceiling-return-crac2,85,shape_quad,"[0.304799990246, 3.047999902464, 6.095999804928]","[0.609599980493, 0.0, 1.219199960986]",grid_priority=254.0
ventres,ceiling-return-cracl,86,shape_quad,"[0.304799990246, 3.047999902464, 3.047999902464]","[0.609599980493, 0.0, 1.219199960986]",grid_priority=255.0
block,pdu_unit.1,86,shape_hexa,"[8.229599736653, 1.066799965862, 8.839199717146]","[1.219199960986, 1.219199960986, 0.609599980493]",block_type=fluid grid_priority=93.0
block,pdu_unit,86,shape_hexa,"[3.962399873203, 1.066799965862, 0.304799990246]","[1.219199960986, 1.219199960986, 0.609599980493]",block_type=fluid grid_priority=92.0
ventres,pdu_vent_in.1,87,shape_quad,"[8.229599736653, 0.45719998537, 8.839199717146]","[1.219199960986, 0.0, 0.609599980493]",grid_priority=257.0
ventres,pdu_vent_in,87,shape_quad,"[3.962399873203, 0.45719998537, 0.304799990246]","[1.219199960986, 0.0, 0.609599980493]",grid_priority=256.0
ventres,pdu_vent_out,88,shape_quad,"[3.962399873203, 1.676399946355, 0.304799990246]","[1.219199960986, 0.0, 0.609599980493]",grid_priority=258.0
ventres,pdu_vent_out.1,88,shape_quad,"[8.229599736653, 1.676399946355, 8.839199717146]","[1.219199960986, 0.0, 0.609599980493]",grid_priority=259.0
plate,pdu_part1,89,shape_quad,"[3.35279989271, 1.066799965862, 0.304799990246]","[0.0, 1.219199960986, 0.609599980493]",grid_priority=104.0
plate,pdu_part1.1,89,shape_quad,"[7.61999975616, 1.066799965862, 8.839199717146]","[0.0, 1.219199960986, 0.609599980493]",grid_priority=105.0
plate,pdu_part2,90,shape_quad,"[4.571999853696, 1.066799965862, 0.304799990246]","[0.0, 1.219199960986, 0.609599980493]",grid_priority=106.0
plate,pdu_part2.1,90,shape_quad,"[8.839199717146, 1.066799965862, 8.839199717146]","[0.0, 1.219199960986, 0.609599980493]",grid_priority=107.0
plate,pdu_part3.1,91,shape_quad,"[8.229599736653, 1.066799965862, 8.534399726899]","[1.219199960986, 1.219199960986, 0.0]",grid_priority=109.0
plate,pdu_part3,91,shape_quad,"[3.962399873203, 1.066799965862, 0.0]","[1.219199960986, 1.219199960986, 0.0]",grid_priority=108.0
plate,pdu_part4,92,shape_quad,"[3.962399873203, 1.066799965862, 0.609599980493]","[1.219199960986, 1.219199960986, 0.0]",grid_priority=110.0
plate,pdu_part4.1,92,shape_quad,"[8.229599736653, 1.066799965862, 9.143999707392]","[1.219199960986, 1.219199960986, 0.0]",grid_priority=111.0
block,blockage,93,shape_hexa,"[11.582399629363, 1.828799941478, 7.924799746406]","[1.219199960986, 3.657599882957, 2.438399921971]",block_type=hollow grid_priority=94.0
block,column1,94,shape_hexa,"[6.248399800051, 1.828799941478, 0.152399995123]","[0.304799990246, 3.657599882957, 0.304799990246]",block_type=hollow grid_priority=95.0
block,column2,95,shape_hexa,"[6.248399800051, 1.828799941478, 6.248399800051]","[0.304799990246, 3.657599882957, 0.304799990246]",block_type=hollow grid_priority=96.0
block,piping,96,shape_hexa,"[0.152399995123, 0.152399995123, 4.571999853696]","[0.304799990246, 0.304799990246, 9.143999707392]",block_type=hollow grid_priority=97.0
block,cabletray1.1,99,shape_hexa,"[4.876799843942, 0.228599992685, 4.26719986345]","[0.609599980493, 0.152399995123, 7.315199765914]",block_type=hollow grid_priority=99.0
block,cabletray1.1.1,99,shape_hexa,"[9.143999707392, 0.228599992685, 4.26719986345]","[0.609599980493, 0.152399995123, 7.315199765914]",block_type=hollow grid_priority=100.0
block,cabletray1.2,99,shape_hexa,"[7.315199765914, 0.228599992685, 4.26719986345]","[0.609599980493, 0.152399995123, 7.315199765914]",block_type=hollow grid_priority=101.0
block,cabletray1,99,shape_hexa,"[3.047999902464, 0.228599992685, 4.26719986345]","[0.609599980493, 0.152399995123, 7.315199765914]",block_type=hollow grid_priority=98.0
